Sr. No.,Time_spent_Alone,Stage_fear,Social_event_attendance,Going_outside,Drained_after_socializing,Friends_circle_size,Post_frequency,Personality
1,0,No,4,6,No,13,5,Extrovert
2,5,Yes,0,0,Yes,0,3,Introvert
3,11,Yes,1,2,Yes,5,2,Introvert
4,4,No,6,7,No,14,8,Extrovert
5,2,No,9,4,No,8,5,Extrovert
6,1,No,7,5,No,6,6,Extrovert
7,3,No,9,,No,7,7,Extrovert
8,2,No,8,4,No,7,8,Extrovert
9,10,Yes,1,3,Yes,0,3,Introvert
10,1,No,8,6,No,13,8,Extrovert
11,4,No,9,6,No,15,5,Extrovert
12,9,Yes,3,1,Yes,4,0,Introvert
13,3,No,6,7,No,14,10,Extrovert
14,0,No,6,4,No,10,7,Extrovert
15,8,Yes,3,0,Yes,1,3,Introvert
16,2,No,4,4,No,8,8,Extrovert
17,7,Yes,0,0,Yes,0,0,Introvert
18,0,No,5,6,No,10,4,Extrovert
19,7,Yes,3,0,Yes,4,2,Introvert
20,3,No,7,5,No,12,5,Extrovert
21,6,Yes,3,1,Yes,2,1,Introvert
22,4,No,8,4,No,13,6,Extrovert
23,0,No,6,7,No,14,9,Extrovert
24,7,Yes,2,2,Yes,1,0,Introvert
25,1,No,8,7,No,15,6,Extrovert
26,3,No,8,4,No,11,9,Extrovert
27,3,No,6,4,No,14,9,Extrovert
28,3,No,5,7,No,6,6,Extrovert
29,0,No,6,4,No,12,10,Extrovert
30,1,No,9,4,No,14,7,Extrovert
31,1,No,10,4,No,9,10,Extrovert
32,0,No,7,7,No,7,9,Extrovert
33,6,Yes,3,3,Yes,0,1,Introvert
34,8,Yes,3,3,,2,0,Introvert
35,10,Yes,1,1,Yes,3,2,Introvert
36,2,No,6,5,No,14,9,Extrovert
37,0,No,4,4,No,15,4,Extrovert
38,2,No,6,4,No,10,5,Extrovert
39,8,Yes,1,2,Yes,2,0,Introvert
40,5,Yes,0,1,Yes,5,0,Introvert
41,4,No,5,5,No,13,5,Extrovert
42,1,No,4,5,No,,10,Extrovert
43,6,Yes,1,3,Yes,2,2,Introvert
44,9,Yes,2,2,Yes,2,1,Introvert
45,7,Yes,2,1,Yes,5,3,Introvert
46,1,No,8,6,No,6,10,Extrovert
47,1,No,7,4,No,13,10,Extrovert
48,6,Yes,1,2,Yes,2,0,Introvert
49,11,Yes,1,3,Yes,3,3,Introvert
50,2,No,5,6,No,8,10,Extrovert
51,11,Yes,1,0,Yes,3,1,Introvert
52,4,No,7,4,No,10,10,Extrovert
53,10,Yes,0,2,Yes,3,2,Introvert
54,11,Yes,3,1,Yes,1,2,Introvert
55,7,Yes,3,3,Yes,4,3,Introvert
56,3,No,10,4,No,10,5,Extrovert
57,11,Yes,3,2,Yes,4,3,Introvert
58,0,No,10,6,No,10,9,Extrovert
59,1,No,5,7,No,10,5,Extrovert
60,3,No,9,4,No,7,5,Extrovert
61,1,No,9,5,No,9,10,Extrovert
62,9,Yes,2,3,Yes,4,2,Introvert
63,9,Yes,3,1,Yes,2,3,Introvert
64,0,No,7,5,No,7,9,Extrovert
65,0,No,5,6,No,6,5,Extrovert
66,9,Yes,3,1,Yes,0,2,Introvert
67,4,No,10,6,No,6,4,Extrovert
68,5,Yes,1,3,Yes,4,3,Introvert
69,1,No,4,6,No,6,5,Extrovert
70,5,Yes,3,2,Yes,1,2,Introvert
71,9,Yes,3,3,Yes,4,0,Introvert
72,4,No,,5,No,11,8,Extrovert
73,4,No,10,5,No,12,5,Extrovert
74,9,Yes,0,1,Yes,0,2,Introvert
75,5,Yes,2,0,Yes,3,1,Introvert
76,9,Yes,3,3,Yes,2,0,Introvert
77,11,Yes,1,2,Yes,5,0,Introvert
78,0,No,5,4,No,9,10,Extrovert
79,7,Yes,0,1,Yes,5,0,Introvert
80,3,No,9,6,No,11,6,Extrovert
81,6,Yes,2,0,Yes,2,0,Introvert
82,3,No,8,4,No,11,10,Extrovert
83,4,No,5,6,No,9,7,Extrovert
84,7,Yes,1,0,,3,1,Introvert
85,2,No,4,7,No,6,8,Extrovert
86,2,No,4,4,No,12,5,Extrovert
87,1,No,9,4,No,8,10,Extrovert
88,3,No,6,5,No,11,8,Extrovert
89,2,No,4,6,No,15,8,Extrovert
90,1,No,7,6,No,,9,Extrovert
91,10,Yes,1,3,Yes,4,0,Introvert
92,1,No,7,6,No,10,4,Extrovert
93,5,Yes,1,1,Yes,1,3,Introvert
94,3,No,5,5,No,8,5,Extrovert
95,4,No,8,6,No,9,6,Extrovert
96,4,No,7,6,No,11,10,Extrovert
97,0,No,5,,No,10,9,Extrovert
98,4,No,10,6,No,14,7,Extrovert
99,3,No,10,7,No,8,10,Extrovert
100,11,Yes,1,0,Yes,4,2,Introvert
101,8,Yes,2,2,Yes,0,3,Introvert
102,0,No,,6,No,8,8,Extrovert
103,2,No,4,7,No,13,4,Extrovert
104,11,Yes,1,3,Yes,5,2,Introvert
105,9,Yes,1,2,Yes,3,3,Introvert
106,1,No,6,7,No,12,9,Extrovert
107,1,No,4,6,No,13,5,Extrovert
108,1,No,6,7,No,9,4,Extrovert
109,4,No,4,5,No,10,6,Extrovert
110,9,Yes,0,3,Yes,1,0,Introvert
111,1,No,6,7,No,15,5,Extrovert
112,2,No,9,7,No,13,5,Extrovert
113,2,No,7,7,No,9,5,Extrovert
114,7,Yes,0,3,Yes,1,0,Introvert
115,4,No,6,4,No,8,10,Extrovert
116,3,No,5,5,No,15,8,Extrovert
117,1,No,7,5,No,6,9,Extrovert
118,5,Yes,0,2,Yes,0,2,Introvert
119,9,Yes,0,3,Yes,0,1,Introvert
120,4,No,8,4,No,12,4,Extrovert
121,8,Yes,1,2,Yes,5,1,Introvert
122,11,Yes,2,3,Yes,2,2,Introvert
123,1,No,5,7,No,8,4,Extrovert
124,8,Yes,2,3,Yes,1,2,Introvert
125,2,No,6,6,No,10,7,Extrovert
126,10,Yes,3,0,Yes,2,1,Introvert
127,2,No,9,7,No,10,5,Extrovert
128,2,No,4,7,No,15,8,Extrovert
129,6,Yes,0,1,Yes,5,3,Introvert
130,1,No,7,6,No,7,9,Extrovert
131,4,No,5,7,No,13,7,Extrovert
132,7,Yes,,0,Yes,2,2,Introvert
133,6,Yes,1,1,Yes,2,3,Introvert
134,1,No,9,5,No,10,7,Extrovert
135,2,No,10,6,No,11,8,Extrovert
136,8,Yes,0,1,Yes,1,1,Introvert
137,7,Yes,2,1,Yes,5,3,Introvert
138,7,Yes,3,2,Yes,3,2,Introvert
139,6,Yes,3,2,Yes,1,1,Introvert
140,4,No,10,4,No,9,8,Extrovert
141,1,No,10,7,No,6,4,Extrovert
142,9,Yes,3,3,Yes,5,3,Introvert
143,4,No,7,5,No,6,9,Extrovert
144,1,No,10,6,No,12,5,Extrovert
145,3,No,5,6,No,8,6,Extrovert
146,1,No,6,7,No,15,9,Extrovert
147,8,Yes,1,0,Yes,0,0,Introvert
148,11,Yes,0,3,Yes,4,3,Introvert
149,0,No,6,7,No,8,7,Extrovert
150,3,No,4,7,No,10,7,Extrovert
151,10,Yes,2,2,Yes,3,2,Introvert
152,0,No,6,4,No,13,5,Extrovert
153,3,No,5,7,No,13,8,Extrovert
154,9,Yes,2,3,Yes,0,1,Introvert
155,3,No,8,7,No,11,7,Extrovert
156,5,Yes,1,2,Yes,3,3,Introvert
157,8,Yes,3,1,Yes,2,1,Introvert
158,4,No,6,7,No,11,10,Extrovert
159,2,No,10,4,No,11,10,Extrovert
160,4,No,9,5,No,8,10,Extrovert
161,9,Yes,2,2,Yes,1,2,Introvert
162,9,Yes,3,0,Yes,5,0,Introvert
163,4,No,10,5,No,14,4,Extrovert
164,10,Yes,3,3,Yes,1,0,Introvert
165,11,Yes,1,3,Yes,1,3,Introvert
166,0,No,7,7,No,9,8,Extrovert
167,11,Yes,0,3,Yes,4,3,Introvert
168,9,Yes,2,2,Yes,1,1,Introvert
169,1,No,5,7,No,9,7,Extrovert
170,8,Yes,1,3,Yes,3,3,Introvert
171,3,No,8,4,No,10,8,Extrovert
172,3,No,4,7,No,7,5,Extrovert
173,2,No,6,6,No,13,9,Extrovert
174,7,Yes,1,3,Yes,0,2,Introvert
175,4,No,5,5,No,15,5,Extrovert
176,10,Yes,2,2,Yes,1,1,Introvert
177,1,No,9,4,No,13,6,Extrovert
178,2,No,8,6,No,13,10,Extrovert
179,3,No,9,7,No,13,10,Extrovert
180,0,No,6,7,No,8,9,Extrovert
181,3,No,8,5,No,9,4,Extrovert
182,1,No,8,4,No,7,4,Extrovert
183,10,Yes,0,0,Yes,2,3,Introvert
184,9,Yes,0,2,Yes,3,2,Introvert
185,0,No,8,7,No,7,10,Extrovert
186,9,Yes,1,0,Yes,0,3,Introvert
187,11,Yes,2,0,Yes,2,1,Introvert
188,9,Yes,0,1,Yes,1,1,Introvert
189,5,Yes,2,1,Yes,1,2,Introvert
190,1,No,10,7,No,10,4,Extrovert
191,2,No,8,7,No,6,10,Extrovert
192,1,No,8,4,No,9,7,Extrovert
193,0,No,5,6,No,9,4,Extrovert
194,5,Yes,2,3,Yes,2,1,Introvert
195,6,Yes,0,0,Yes,1,2,Introvert
196,1,No,6,7,No,13,10,Extrovert
197,11,Yes,3,2,Yes,3,1,Introvert
198,8,Yes,2,2,Yes,1,1,Introvert
199,8,Yes,0,0,Yes,3,0,Introvert
200,2,No,6,,No,10,6,Extrovert
201,8,Yes,0,2,Yes,3,0,Introvert
202,6,Yes,2,1,Yes,3,2,Introvert
203,10,Yes,2,0,Yes,3,1,Introvert
204,10,Yes,1,1,Yes,2,1,Introvert
205,8,Yes,0,0,Yes,2,1,Introvert
206,8,Yes,0,,Yes,3,2,Introvert
207,6,Yes,2,1,Yes,2,2,Introvert
208,8,Yes,2,2,Yes,1,2,Introvert
209,5,Yes,2,2,Yes,1,0,Introvert
210,5,Yes,0,1,Yes,2,1,Introvert
211,10,Yes,1,0,Yes,2,2,Introvert
212,5,Yes,2,0,Yes,3,2,Introvert
213,10,Yes,0,1,Yes,2,1,Introvert
214,5,Yes,1,1,Yes,2,0,Introvert
215,8,Yes,1,1,Yes,2,1,Introvert
216,10,Yes,1,2,Yes,3,1,Introvert
217,5,Yes,0,1,Yes,1,0,Introvert
218,5,Yes,2,0,Yes,2,0,Introvert
219,6,Yes,0,0,Yes,1,2,Introvert
220,5,Yes,0,0,Yes,3,0,Introvert
221,11,Yes,2,2,Yes,,0,Introvert
222,11,Yes,2,0,Yes,3,0,Introvert
223,6,Yes,2,1,Yes,1,2,Introvert
224,10,Yes,1,0,Yes,3,2,Introvert
225,8,Yes,0,2,Yes,2,2,Introvert
226,5,Yes,0,2,Yes,1,2,Introvert
227,8,Yes,2,0,Yes,1,1,Introvert
228,7,Yes,2,2,Yes,1,2,Introvert
229,8,Yes,1,0,Yes,3,2,Introvert
230,11,Yes,0,1,Yes,1,2,Introvert
231,9,Yes,2,2,,1,0,Introvert
232,5,Yes,2,1,Yes,2,1,Introvert
233,10,Yes,1,0,Yes,1,1,Introvert
234,11,Yes,1,1,Yes,3,,Introvert
235,9,Yes,0,2,Yes,2,0,Introvert
236,6,Yes,0,2,Yes,2,,Introvert
237,7,Yes,0,0,Yes,3,2,Introvert
238,7,Yes,2,0,Yes,2,0,Introvert
239,7,Yes,2,1,Yes,3,2,Introvert
240,11,Yes,0,0,Yes,2,0,Introvert
241,11,Yes,1,2,Yes,2,2,Introvert
242,10,Yes,0,0,Yes,1,2,Introvert
243,7,Yes,1,1,Yes,2,2,Introvert
244,6,Yes,0,0,Yes,3,1,Introvert
245,7,Yes,0,1,Yes,2,2,Introvert
246,6,Yes,2,2,Yes,3,0,Introvert
247,7,Yes,0,1,Yes,2,1,Introvert
248,11,Yes,2,0,Yes,1,2,Introvert
249,9,Yes,0,2,Yes,3,2,Introvert
250,8,Yes,2,2,Yes,3,2,Introvert
251,9,Yes,0,0,Yes,3,1,Introvert
252,10,Yes,2,0,Yes,1,1,Introvert
253,5,Yes,1,2,Yes,3,1,Introvert
254,6,Yes,0,1,Yes,1,1,Introvert
255,8,Yes,0,0,Yes,3,2,Introvert
256,7,Yes,0,2,Yes,3,2,Introvert
257,10,Yes,1,0,Yes,3,0,Introvert
258,10,Yes,1,1,Yes,3,1,Introvert
259,5,Yes,2,0,Yes,1,1,Introvert
260,10,Yes,1,1,Yes,2,2,Introvert
261,6,Yes,0,0,Yes,1,1,Introvert
262,5,Yes,2,2,Yes,1,0,Introvert
263,8,Yes,2,2,Yes,2,2,Introvert
264,6,Yes,1,1,Yes,2,1,Introvert
265,7,Yes,2,1,Yes,3,2,Introvert
266,5,Yes,0,1,Yes,1,2,Introvert
267,5,Yes,0,0,Yes,3,2,Introvert
268,5,Yes,0,1,Yes,1,1,Introvert
269,7,Yes,1,2,Yes,1,0,Introvert
270,6,Yes,0,1,Yes,1,,Introvert
271,10,Yes,0,2,Yes,1,0,Introvert
272,5,Yes,2,1,Yes,1,1,Introvert
273,7,Yes,1,2,Yes,2,1,Introvert
274,9,Yes,2,1,Yes,3,2,Introvert
275,11,Yes,1,,Yes,1,0,Introvert
276,9,Yes,2,1,Yes,3,0,Introvert
277,10,Yes,2,1,Yes,3,1,Introvert
278,5,Yes,0,1,Yes,3,0,Introvert
279,11,Yes,0,0,Yes,,1,Introvert
280,11,Yes,2,2,Yes,3,1,Introvert
281,7,Yes,2,2,Yes,2,2,Introvert
282,9,Yes,1,2,Yes,2,0,Introvert
283,7,Yes,1,1,Yes,2,0,Introvert
284,5,Yes,1,1,Yes,3,1,Introvert
285,11,Yes,0,0,Yes,1,0,Introvert
286,11,Yes,1,0,Yes,2,2,Introvert
287,10,Yes,2,0,Yes,2,1,Introvert
288,11,Yes,2,0,Yes,3,2,Introvert
289,6,Yes,1,2,Yes,2,0,Introvert
290,7,Yes,0,1,Yes,3,2,Introvert
291,11,Yes,0,0,Yes,2,1,Introvert
292,7,Yes,2,1,Yes,2,1,Introvert
293,9,Yes,0,0,Yes,1,0,Introvert
294,8,Yes,,0,Yes,,,Introvert
295,6,Yes,1,2,Yes,1,1,Introvert
296,7,Yes,0,1,Yes,1,2,Introvert
297,11,Yes,1,1,Yes,2,0,Introvert
298,10,Yes,1,1,Yes,1,2,Introvert
299,10,Yes,0,1,Yes,2,0,Introvert
300,8,Yes,1,1,Yes,1,1,Introvert
301,1,No,4,5,No,6,4,Extrovert
302,1,No,3,7,No,8,7,Extrovert
303,0,No,4,4,No,7,5,Extrovert
304,2,No,6,5,No,6,6,Extrovert
305,0,No,3,4,No,6,5,Extrovert
306,2,No,6,6,No,4,3,Extrovert
307,0,No,4,6,No,7,7,Extrovert
308,0,No,6,6,No,9,4,Extrovert
309,1,No,5,5,No,,9,Extrovert
310,4,No,4,7,No,8,4,Extrovert
311,0,No,4,,No,,5,Extrovert
312,3,No,6,,No,8,4,Extrovert
313,3,No,5,4,No,7,3,Extrovert
314,2,No,7,4,No,7,4,Extrovert
315,3,No,3,7,No,6,3,Extrovert
316,0,No,6,5,No,4,9,Extrovert
317,1,No,7,7,No,4,9,Extrovert
318,2,No,3,6,No,4,8,Extrovert
319,4,No,3,5,No,7,3,Extrovert
320,3,No,7,6,No,6,3,Extrovert
321,1,No,6,4,No,4,5,Extrovert
322,1,No,3,6,No,7,8,Extrovert
323,4,No,6,6,No,5,9,Extrovert
324,3,No,7,4,No,6,6,Extrovert
325,0,No,6,6,No,8,6,Extrovert
326,3,No,3,6,No,8,7,Extrovert
327,0,No,4,6,No,9,9,Extrovert
328,0,No,7,6,No,8,5,Extrovert
329,2,No,4,6,No,7,3,Extrovert
330,2,No,4,7,No,4,7,Extrovert
331,2,No,,7,No,5,3,Extrovert
332,4,No,5,5,No,5,7,Extrovert
333,1,No,7,5,No,6,7,Extrovert
334,4,No,6,4,No,4,7,Extrovert
335,2,No,6,5,No,7,9,Extrovert
336,2,No,7,7,No,9,9,Extrovert
337,3,No,4,5,No,6,,Extrovert
338,4,No,,4,No,8,4,Extrovert
339,2,No,4,7,No,7,7,Extrovert
340,1,No,3,6,No,4,5,Extrovert
341,4,No,6,5,No,4,9,Extrovert
342,0,No,3,4,No,4,8,Extrovert
343,3,No,4,7,No,8,7,Extrovert
344,3,No,7,7,No,9,7,Extrovert
345,1,No,6,4,No,7,5,Extrovert
346,1,No,6,4,No,5,9,Extrovert
347,1,No,3,5,No,4,7,Extrovert
348,1,No,5,7,No,4,5,Extrovert
349,4,No,4,7,No,9,6,Extrovert
350,0,No,6,4,No,5,6,Extrovert
351,0,No,4,7,No,5,6,Extrovert
352,1,No,6,7,No,8,,Extrovert
353,3,No,5,5,No,4,3,Extrovert
354,0,No,7,7,No,8,6,Extrovert
355,0,No,7,4,No,9,5,Extrovert
356,2,No,4,6,No,8,9,Extrovert
357,2,No,4,5,No,9,4,Extrovert
358,0,No,7,4,No,4,8,Extrovert
359,1,No,4,7,No,4,5,Extrovert
360,4,No,4,6,No,4,8,Extrovert
361,0,No,5,4,No,8,3,Extrovert
362,3,No,3,6,No,4,7,Extrovert
363,0,No,6,4,No,8,9,Extrovert
364,0,No,5,4,No,8,7,Extrovert
365,1,No,4,5,No,6,3,Extrovert
366,0,No,3,5,No,4,5,Extrovert
367,2,No,7,7,No,9,3,Extrovert
368,4,No,4,7,No,5,4,Extrovert
369,1,No,5,6,,5,6,Extrovert
370,2,No,6,4,No,9,8,Extrovert
371,4,No,3,4,No,8,7,Extrovert
372,3,No,4,6,No,6,9,Extrovert
373,0,No,6,5,No,9,4,Extrovert
374,1,No,4,5,No,6,5,Extrovert
375,0,No,4,7,No,4,8,Extrovert
376,1,No,6,5,No,5,5,Extrovert
377,2,No,7,4,No,7,4,Extrovert
378,3,No,3,5,No,4,6,Extrovert
379,3,No,7,5,No,,7,Extrovert
380,1,No,7,5,No,6,5,Extrovert
381,3,No,5,6,No,,9,Extrovert
382,2,No,5,5,No,7,6,Extrovert
383,2,No,3,6,No,6,5,Extrovert
384,2,No,4,4,No,5,5,Extrovert
385,2,No,7,4,No,5,6,Extrovert
386,3,No,7,5,No,8,8,Extrovert
387,0,No,,4,No,7,4,Extrovert
388,2,No,4,4,No,9,4,Extrovert
389,0,No,5,4,No,5,3,Extrovert
390,0,No,3,5,No,,5,Extrovert
391,4,No,7,4,No,5,6,Extrovert
392,2,No,3,6,No,8,6,Extrovert
393,0,No,4,7,No,9,4,Extrovert
394,2,No,4,5,No,6,5,Extrovert
395,1,No,5,6,No,9,5,Extrovert
396,0,No,6,4,No,5,4,Extrovert
397,0,No,5,6,No,4,9,Extrovert
398,4,No,6,5,No,4,3,Extrovert
399,0,No,4,5,No,7,3,Extrovert
400,1,No,7,7,No,4,6,Extrovert
401,3,No,7,4,No,13,7,Extrovert
402,11,Yes,2,1,Yes,2,2,Introvert
403,7,Yes,2,0,Yes,,2,Introvert
404,8,Yes,0,1,Yes,3,1,Introvert
405,3,No,5,7,No,10,3,Extrovert
406,4,No,5,5,No,14,3,Extrovert
407,3,No,6,6,No,8,6,Extrovert
408,10,Yes,3,0,Yes,2,0,Introvert
409,1,No,2,0,Yes,0,2,Extrovert
410,6,Yes,3,0,Yes,3,1,Introvert
411,7,Yes,1,0,Yes,1,0,Introvert
412,2,No,3,2,Yes,3,2,Extrovert
413,7,Yes,0,2,Yes,2,1,Introvert
414,5,Yes,3,1,Yes,3,1,Introvert
415,3,No,9,5,No,9,8,Extrovert
416,2,No,2,1,Yes,1,1,Extrovert
417,5,Yes,1,1,Yes,5,2,Introvert
418,2,No,4,5,No,13,7,Extrovert
419,2,No,8,5,No,10,4,Extrovert
420,4,No,3,0,Yes,0,0,Extrovert
421,4,No,8,4,No,14,9,Extrovert
422,4,No,4,7,No,13,9,Extrovert
423,3,No,2,0,Yes,2,2,Extrovert
424,2,No,2,0,Yes,1,2,Extrovert
425,1,No,4,7,,12,3,Extrovert
426,8,Yes,3,1,Yes,0,2,Introvert
427,9,Yes,1,0,Yes,2,1,Introvert
428,5,Yes,2,0,Yes,2,0,Introvert
429,4,No,9,6,No,6,7,Extrovert
430,1,No,9,6,No,14,9,Extrovert
431,2,No,5,5,No,8,9,Extrovert
432,2,No,4,7,No,9,8,Extrovert
433,1,No,2,2,Yes,4,2,Extrovert
434,3,No,8,7,No,12,5,Extrovert
435,7,Yes,1,1,Yes,1,0,Introvert
436,3,No,4,4,No,11,6,Extrovert
437,4,No,7,7,No,9,8,Extrovert
438,0,No,6,7,No,12,6,Extrovert
439,2,No,9,4,No,6,3,Extrovert
440,1,No,9,4,No,9,7,Extrovert
441,9,Yes,6,6,No,11,5,Introvert
442,8,Yes,1,0,Yes,0,2,Introvert
443,5,Yes,3,2,Yes,2,1,Introvert
444,7,Yes,3,0,Yes,3,0,Introvert
445,6,Yes,0,1,Yes,3,1,Introvert
446,11,Yes,1,2,Yes,0,0,Introvert
447,8,Yes,3,0,Yes,2,,Introvert
448,10,Yes,1,1,Yes,4,0,Introvert
449,1,No,6,5,No,7,7,Extrovert
450,6,Yes,1,1,Yes,3,2,Introvert
451,8,Yes,3,2,Yes,0,2,Introvert
452,9,Yes,3,0,Yes,3,1,Introvert
453,6,Yes,1,2,Yes,0,0,Introvert
454,2,No,6,5,No,8,6,Extrovert
455,1,No,6,7,No,8,4,Extrovert
456,3,No,6,7,No,12,6,Extrovert
457,5,Yes,0,2,Yes,1,0,Introvert
458,0,No,7,4,No,14,4,Extrovert
459,8,Yes,2,1,Yes,1,2,Introvert
460,6,Yes,3,1,Yes,0,0,Introvert
461,1,No,4,7,No,10,7,Extrovert
462,3,No,6,6,No,14,3,Extrovert
463,1,No,6,7,No,,6,Extrovert
464,4,No,9,7,No,6,6,Extrovert
465,1,No,4,7,No,9,8,Extrovert
466,0,No,7,5,No,8,8,Extrovert
467,10,Yes,2,0,Yes,4,1,Introvert
468,7,Yes,1,1,Yes,1,,Introvert
469,8,Yes,3,0,Yes,0,0,Introvert
470,7,Yes,0,1,Yes,4,2,Introvert
471,8,Yes,0,0,Yes,3,2,Introvert
472,0,No,9,6,No,11,8,Extrovert
473,0,No,,5,No,8,8,Extrovert
474,7,Yes,2,2,Yes,1,0,Introvert
475,4,No,4,7,No,6,7,Extrovert
476,11,Yes,0,2,Yes,3,2,Introvert
477,0,No,4,7,No,6,6,Extrovert
478,10,Yes,1,0,Yes,5,0,Introvert
479,5,Yes,2,0,Yes,4,0,Introvert
480,7,Yes,1,0,Yes,2,0,Introvert
481,1,No,8,4,No,12,3,Extrovert
482,11,Yes,2,1,Yes,0,1,Introvert
483,3,No,9,5,No,8,8,Extrovert
484,2,No,5,7,No,11,9,Extrovert
485,9,Yes,2,2,Yes,1,1,Introvert
486,7,Yes,0,0,Yes,0,2,Introvert
487,2,No,8,5,No,12,4,Extrovert
488,6,Yes,1,0,Yes,4,1,Introvert
489,6,Yes,0,0,Yes,3,0,Introvert
490,10,Yes,3,1,Yes,5,2,Introvert
491,10,Yes,2,1,Yes,1,2,Introvert
492,1,No,9,6,No,14,4,Extrovert
493,1,No,9,4,No,11,4,Extrovert
494,8,Yes,1,0,Yes,3,1,Introvert
495,8,Yes,2,1,Yes,2,0,Introvert
496,11,Yes,3,0,Yes,3,0,Introvert
497,4,No,7,5,No,9,8,Extrovert
498,5,Yes,2,2,Yes,3,0,Introvert
499,3,No,7,5,No,8,3,Extrovert
500,3,No,6,7,No,12,4,Extrovert
501,5,Yes,1,0,Yes,5,2,Introvert
502,4,No,4,7,No,10,3,Extrovert
503,1,No,5,4,No,7,8,Extrovert
504,10,Yes,3,0,Yes,4,0,Introvert
505,8,Yes,3,0,Yes,4,1,Introvert
506,4,No,6,7,No,8,7,Extrovert
507,11,Yes,0,0,Yes,5,0,Introvert
508,5,Yes,0,1,Yes,5,1,Introvert
509,8,Yes,0,1,Yes,1,0,Introvert
510,4,No,7,4,No,10,9,Extrovert
511,3,No,5,5,No,10,6,Extrovert
512,6,Yes,3,2,Yes,1,1,Introvert
513,10,Yes,1,0,Yes,4,0,Introvert
514,9,Yes,3,2,Yes,1,0,Introvert
515,0,No,6,7,No,13,6,Extrovert
516,2,No,6,7,No,6,3,Extrovert
517,5,Yes,2,2,Yes,4,2,Introvert
518,1,No,4,7,No,7,7,Extrovert
519,3,No,5,6,No,12,3,Extrovert
520,10,Yes,3,0,Yes,1,1,Introvert
521,4,No,9,5,No,8,3,Extrovert
522,10,Yes,3,1,Yes,4,1,Introvert
523,11,Yes,6,4,No,13,6,Introvert
524,11,Yes,0,0,Yes,0,1,Introvert
525,8,Yes,0,2,Yes,0,2,Introvert
526,8,Yes,3,1,Yes,0,2,Introvert
527,7,Yes,3,2,Yes,5,0,Introvert
528,4,No,4,6,No,12,3,Extrovert
529,1,No,4,5,No,6,,Extrovert
530,0,No,7,7,No,14,8,Extrovert
531,5,Yes,2,2,Yes,0,0,Introvert
532,7,Yes,2,0,Yes,3,1,Introvert
533,0,No,7,6,No,10,7,Extrovert
534,9,Yes,7,4,No,9,5,Introvert
535,8,Yes,3,0,Yes,0,2,Introvert
536,7,Yes,0,1,Yes,1,2,Introvert
537,9,Yes,2,1,Yes,4,2,Introvert
538,3,No,8,6,No,7,9,Extrovert
539,4,No,4,5,No,6,7,Extrovert
540,7,Yes,2,1,Yes,4,1,Introvert
541,8,Yes,1,2,Yes,1,1,Introvert
542,5,Yes,0,0,Yes,5,2,Introvert
543,6,Yes,3,0,Yes,0,1,Introvert
544,4,No,4,6,No,12,3,Extrovert
545,9,Yes,3,1,Yes,3,2,Introvert
546,0,No,0,1,Yes,2,1,Extrovert
547,8,Yes,2,2,Yes,5,2,Introvert
548,4,No,8,5,No,9,6,Extrovert
549,10,Yes,0,2,Yes,0,2,Introvert
550,10,Yes,2,0,Yes,3,1,Introvert
551,10,Yes,7,4,No,14,,Introvert
552,4,No,8,5,No,10,8,Extrovert
553,5,Yes,2,0,Yes,3,2,Introvert
554,11,Yes,3,0,Yes,1,2,Introvert
555,10,Yes,0,1,Yes,0,0,Introvert
556,7,Yes,1,2,Yes,0,2,Introvert
557,8,Yes,1,1,Yes,3,0,Introvert
558,0,No,5,7,No,9,4,Extrovert
559,0,No,1,1,Yes,3,0,Extrovert
560,7,Yes,3,2,Yes,5,2,Introvert
561,6,Yes,0,0,Yes,4,0,Introvert
562,0,No,8,4,No,8,7,Extrovert
563,9,Yes,1,2,Yes,4,2,Introvert
564,3,No,,5,No,13,8,Extrovert
565,3,No,6,4,No,10,9,Extrovert
566,10,Yes,0,1,Yes,0,1,Introvert
567,7,Yes,2,0,Yes,2,0,Introvert
568,6,Yes,4,5,No,6,7,Introvert
569,1,No,1,0,Yes,2,2,Extrovert
570,9,Yes,0,2,Yes,5,0,Introvert
571,1,No,8,5,No,8,7,Extrovert
572,7,Yes,8,4,No,10,4,Introvert
573,11,Yes,2,0,Yes,4,1,Introvert
574,1,No,9,4,No,8,7,Extrovert
575,4,No,7,5,No,6,3,Extrovert
576,8,Yes,3,1,Yes,,2,Introvert
577,6,Yes,2,1,Yes,1,1,Introvert
578,10,Yes,1,2,Yes,2,1,Introvert
579,9,Yes,0,1,Yes,3,0,Introvert
580,11,Yes,1,2,Yes,0,0,Introvert
581,3,No,8,4,No,7,5,Extrovert
582,4,No,9,7,No,7,8,Extrovert
583,6,Yes,5,5,No,8,9,Introvert
584,8,Yes,3,0,Yes,5,0,Introvert
585,8,Yes,2,1,Yes,1,2,Introvert
586,8,Yes,0,0,Yes,3,1,Introvert
587,1,No,4,5,No,6,6,Extrovert
588,11,Yes,3,0,Yes,,1,Introvert
589,6,Yes,1,0,Yes,5,2,Introvert
590,6,Yes,3,2,Yes,2,2,Introvert
591,11,Yes,2,2,Yes,2,1,Introvert
592,11,Yes,3,0,Yes,2,2,Introvert
593,5,Yes,0,1,Yes,4,1,Introvert
594,1,No,6,4,No,10,4,Extrovert
595,6,Yes,1,0,Yes,5,0,Introvert
596,1,No,4,4,No,14,6,Extrovert
597,4,No,9,5,No,6,8,Extrovert
598,9,Yes,0,2,Yes,0,1,Introvert
599,1,No,4,5,No,13,8,Extrovert
600,2,No,8,4,No,9,3,Extrovert
601,3,No,4,6,No,9,9,Extrovert
602,3,No,9,5,No,12,8,Extrovert
603,2,No,5,4,No,13,5,Extrovert
604,8,Yes,2,2,Yes,5,2,Introvert
605,6,Yes,3,,Yes,1,1,Introvert
606,8,Yes,2,2,Yes,0,2,Introvert
607,6,Yes,3,1,Yes,0,0,Introvert
608,9,Yes,1,1,Yes,5,0,Introvert
609,6,Yes,0,0,Yes,3,1,Introvert
610,3,No,4,4,No,7,9,Extrovert
611,6,Yes,2,1,Yes,1,2,Introvert
612,0,No,4,7,,8,4,Extrovert
613,9,Yes,0,1,Yes,3,1,Introvert
614,8,Yes,1,2,Yes,2,,Introvert
615,3,No,8,4,No,6,7,Extrovert
616,0,No,8,5,No,11,9,Extrovert
617,4,No,7,5,No,13,9,Extrovert
618,1,No,6,6,No,13,7,Extrovert
619,9,Yes,3,2,Yes,5,1,Introvert
620,7,Yes,3,2,Yes,3,2,Introvert
621,0,No,9,4,No,13,8,Extrovert
622,4,No,9,4,No,7,9,Extrovert
623,11,Yes,3,1,Yes,2,0,Introvert
624,0,No,8,5,No,11,6,Extrovert
625,7,Yes,3,0,Yes,3,0,Introvert
626,0,No,4,5,No,11,7,Extrovert
627,10,Yes,2,2,Yes,3,0,Introvert
628,3,No,6,4,No,11,4,Extrovert
629,5,Yes,1,0,Yes,1,1,Introvert
630,4,No,5,7,No,6,9,Extrovert
631,1,No,0,0,Yes,0,2,Extrovert
632,7,Yes,3,1,Yes,2,1,Introvert
633,1,No,4,4,No,7,8,Extrovert
634,3,No,6,4,No,7,6,Extrovert
635,7,Yes,2,0,Yes,5,0,Introvert
636,9,Yes,2,0,Yes,4,1,Introvert
637,2,No,9,6,No,,7,Extrovert
638,11,Yes,2,2,Yes,5,1,Introvert
639,0,No,7,4,No,14,4,Extrovert
640,1,No,9,7,No,8,7,Extrovert
641,9,Yes,0,2,Yes,0,0,Introvert
642,4,No,4,6,No,12,4,Extrovert
643,5,Yes,0,2,Yes,2,1,Introvert
644,3,No,6,6,No,8,4,Extrovert
645,10,Yes,3,2,Yes,4,0,Introvert
646,0,No,9,6,No,9,7,Extrovert
647,7,Yes,0,0,Yes,4,0,Introvert
648,4,No,2,,Yes,5,1,Extrovert
649,2,No,5,4,No,6,8,Extrovert
650,6,Yes,0,2,Yes,3,0,Introvert
651,5,Yes,3,2,Yes,4,0,Introvert
652,4,No,7,7,No,7,5,Extrovert
653,9,Yes,2,2,Yes,3,1,Introvert
654,9,Yes,2,0,Yes,3,2,Introvert
655,2,No,5,7,No,11,8,Extrovert
656,4,No,5,5,No,13,8,Extrovert
657,7,Yes,0,0,Yes,3,2,Introvert
658,8,Yes,3,0,Yes,4,2,Introvert
659,7,Yes,0,2,Yes,1,0,Introvert
660,0,No,6,4,No,13,3,Extrovert
661,4,No,6,6,No,6,8,Extrovert
662,0,No,8,5,No,9,8,Extrovert
663,7,Yes,0,0,Yes,5,2,Introvert
664,7,Yes,3,2,Yes,4,2,Introvert
665,0,No,8,4,No,9,3,Extrovert
666,4,No,5,4,No,8,9,Extrovert
667,2,No,4,5,No,11,4,Extrovert
668,2,No,5,6,No,7,5,Extrovert
669,0,No,6,6,No,8,8,Extrovert
670,11,Yes,0,2,Yes,3,1,Introvert
671,0,No,4,,No,11,4,Extrovert
672,10,Yes,1,0,Yes,0,2,Introvert
673,2,No,7,4,No,6,6,Extrovert
674,4,No,9,7,No,13,3,Extrovert
675,8,Yes,0,,Yes,5,2,Introvert
676,8,Yes,2,2,Yes,5,1,Introvert
677,10,Yes,0,0,Yes,4,1,Introvert
678,3,No,6,5,No,6,8,Extrovert
679,8,Yes,2,1,Yes,1,1,Introvert
680,0,No,4,5,No,11,5,Extrovert
681,0,No,7,4,No,13,7,Extrovert
682,9,Yes,2,2,Yes,1,1,Introvert
683,3,No,9,5,No,6,9,Extrovert
684,6,Yes,3,1,Yes,4,0,Introvert
685,9,Yes,2,2,Yes,2,2,Introvert
686,4,No,9,4,No,10,5,Extrovert
687,2,No,4,7,No,13,4,Extrovert
688,8,Yes,3,1,Yes,5,2,Introvert
689,7,Yes,3,0,Yes,5,0,Introvert
690,4,No,2,2,Yes,1,2,Extrovert
691,9,Yes,2,0,Yes,4,2,Introvert
692,1,No,8,6,No,9,7,Extrovert
693,0,No,5,5,No,6,9,Extrovert
694,10,Yes,3,2,Yes,1,2,Introvert
695,3,No,6,6,No,12,6,Extrovert
696,3,No,,4,No,11,8,Extrovert
697,10,Yes,1,0,Yes,3,2,Introvert
698,11,Yes,1,1,Yes,3,0,Introvert
699,5,Yes,1,2,Yes,5,2,Introvert
700,4,No,4,5,No,8,3,Extrovert
701,3,No,4,7,No,7,7,Extrovert
702,10,Yes,2,0,Yes,5,1,Introvert
703,4,No,9,7,No,7,9,Extrovert
704,0,No,6,5,No,7,7,Extrovert
705,10,Yes,3,0,Yes,5,1,Introvert
706,10,Yes,0,0,Yes,5,1,Introvert
707,8,Yes,2,0,Yes,1,1,Introvert
708,2,No,6,4,No,11,5,Extrovert
709,0,No,5,7,No,14,7,Extrovert
710,1,No,5,4,No,6,4,Extrovert
711,2,No,7,5,No,7,6,Extrovert
712,10,Yes,2,0,Yes,2,0,Introvert
713,11,Yes,2,1,Yes,4,0,Introvert
714,11,Yes,3,2,Yes,3,0,Introvert
715,0,No,6,5,No,7,9,Extrovert
716,0,No,9,5,No,10,3,Extrovert
717,6,Yes,3,2,Yes,3,2,Introvert
718,1,No,7,6,No,6,8,Extrovert
719,10,Yes,0,2,Yes,1,0,Introvert
720,2,No,5,4,No,14,3,Extrovert
721,9,Yes,4,4,No,14,7,Introvert
722,0,No,5,4,No,12,5,Extrovert
723,1,No,5,4,No,8,8,Extrovert
724,4,No,5,7,No,8,7,Extrovert
725,6,Yes,2,2,Yes,0,0,Introvert
726,4,No,5,4,No,12,3,Extrovert
727,9,Yes,3,1,Yes,2,2,Introvert
728,2,No,4,6,No,10,8,Extrovert
729,4,No,9,7,No,14,4,Extrovert
730,1,No,7,6,No,14,7,Extrovert
731,3,No,5,7,No,12,3,Extrovert
732,9,Yes,1,0,Yes,5,1,Introvert
733,1,No,9,6,No,10,9,Extrovert
734,6,Yes,2,1,Yes,2,2,Introvert
735,2,No,5,,No,9,9,Extrovert
736,0,No,5,6,No,12,3,Extrovert
737,7,Yes,2,2,Yes,3,0,Introvert
738,1,No,6,4,No,13,4,Extrovert
739,8,Yes,2,2,Yes,0,0,Introvert
740,5,Yes,0,0,Yes,1,0,Introvert
741,4,No,8,5,No,7,9,Extrovert
742,5,Yes,1,1,Yes,5,2,Introvert
743,6,Yes,0,0,Yes,1,2,Introvert
744,11,Yes,2,1,Yes,3,0,Introvert
745,8,Yes,0,0,Yes,5,0,Introvert
746,4,No,4,7,No,13,6,Extrovert
747,0,No,4,5,No,14,9,Extrovert
748,11,Yes,3,0,Yes,0,1,Introvert
749,2,No,6,4,No,13,8,Extrovert
750,8,Yes,3,1,Yes,5,0,Introvert
751,1,No,4,4,No,14,9,Extrovert
752,10,Yes,0,2,Yes,1,0,Introvert
753,0,No,8,6,No,11,9,Extrovert
754,10,Yes,2,1,Yes,2,1,Introvert
755,2,No,5,4,No,12,6,Extrovert
756,10,Yes,2,0,Yes,5,0,Introvert
757,1,No,8,5,No,7,3,Extrovert
758,7,Yes,0,0,Yes,1,2,Introvert
759,8,Yes,1,0,Yes,4,1,Introvert
760,7,Yes,2,0,Yes,0,2,Introvert
761,0,No,5,4,No,8,4,Extrovert
762,9,Yes,1,0,Yes,2,2,Introvert
763,3,No,,7,No,14,3,Extrovert
764,9,Yes,1,0,Yes,1,2,Introvert
765,5,Yes,3,2,Yes,2,0,Introvert
766,1,No,6,4,,7,6,Extrovert
767,5,Yes,0,2,Yes,0,0,Introvert
768,4,No,6,5,No,13,6,Extrovert
769,8,Yes,1,2,,4,1,Introvert
770,2,No,,4,No,10,7,Extrovert
771,7,Yes,1,0,Yes,5,0,Introvert
772,0,No,5,6,No,13,4,Extrovert
773,0,No,6,4,No,6,8,Extrovert
774,1,No,6,7,No,13,6,Extrovert
775,10,Yes,2,2,Yes,0,0,Introvert
776,10,Yes,0,0,Yes,4,1,Introvert
777,3,No,6,5,No,12,7,Extrovert
778,7,Yes,0,1,Yes,0,2,Introvert
779,6,Yes,2,1,Yes,1,2,Introvert
780,2,No,9,6,No,7,6,Extrovert
781,4,No,9,4,No,12,4,Extrovert
782,5,Yes,0,1,Yes,2,0,Introvert
783,11,Yes,0,2,Yes,1,0,Introvert
784,6,Yes,3,1,Yes,2,1,Introvert
785,7,Yes,1,0,Yes,1,2,Introvert
786,8,Yes,3,2,Yes,5,0,Introvert
787,5,Yes,1,1,Yes,3,2,Introvert
788,9,Yes,0,1,Yes,0,1,Introvert
789,1,No,4,5,No,13,5,Extrovert
790,2,No,5,5,No,9,5,Extrovert
791,9,Yes,7,4,No,12,7,Introvert
792,1,No,4,5,No,8,5,Extrovert
793,7,Yes,2,1,Yes,1,1,Introvert
794,6,Yes,0,0,Yes,2,0,Introvert
795,9,Yes,2,2,Yes,4,0,Introvert
796,6,Yes,3,1,Yes,5,1,Introvert
797,5,Yes,2,2,Yes,0,1,Introvert
798,9,Yes,7,4,No,10,9,Introvert
799,1,No,8,6,No,9,8,Extrovert
800,6,Yes,0,0,Yes,2,2,Introvert
801,9,Yes,1,1,Yes,1,0,Introvert
802,11,Yes,3,0,Yes,0,1,Introvert
803,2,No,3,2,Yes,3,1,Extrovert
804,2,No,4,4,No,10,9,Extrovert
805,1,No,9,5,No,9,9,Extrovert
806,10,Yes,0,0,Yes,3,1,Introvert
807,11,Yes,3,1,Yes,0,1,Introvert
808,7,Yes,2,0,Yes,5,0,Introvert
809,2,No,4,7,No,11,8,Extrovert
810,5,Yes,0,1,Yes,2,0,Introvert
811,3,No,8,5,No,7,8,Extrovert
812,4,No,9,7,No,14,3,Extrovert
813,0,No,9,4,No,13,5,Extrovert
814,7,Yes,2,0,Yes,0,0,Introvert
815,8,Yes,3,2,Yes,5,1,Introvert
816,7,Yes,3,0,Yes,1,1,Introvert
817,4,No,0,1,Yes,0,0,Extrovert
818,11,Yes,0,1,Yes,0,0,Introvert
819,1,No,5,,No,12,4,Extrovert
820,9,Yes,2,1,Yes,5,1,Introvert
821,7,Yes,2,1,Yes,1,2,Introvert
822,3,No,4,7,No,8,5,Extrovert
823,5,Yes,0,1,Yes,0,2,Introvert
824,1,No,4,5,No,13,4,Extrovert
825,10,Yes,1,1,Yes,2,2,Introvert
826,6,Yes,2,1,Yes,1,1,Introvert
827,1,No,6,6,No,14,6,Extrovert
828,8,Yes,1,2,Yes,1,1,Introvert
829,3,No,7,4,No,14,7,Extrovert
830,1,No,5,6,No,12,8,Extrovert
831,7,Yes,0,0,Yes,4,2,Introvert
832,11,Yes,2,1,Yes,5,1,Introvert
833,11,Yes,1,0,Yes,0,2,Introvert
834,4,No,7,5,No,8,5,Extrovert
835,8,Yes,0,1,Yes,0,2,Introvert
836,5,Yes,0,1,Yes,4,2,Introvert
837,9,Yes,0,0,Yes,3,1,Introvert
838,2,No,7,7,No,7,3,Extrovert
839,10,Yes,3,0,Yes,3,1,Introvert
840,3,No,5,7,No,9,4,Extrovert
841,3,No,5,7,No,11,9,Extrovert
842,0,No,6,6,No,11,7,Extrovert
843,4,No,6,4,No,7,,Extrovert
844,2,No,4,6,No,13,6,Extrovert
845,0,No,9,6,No,7,9,Extrovert
846,2,No,8,5,No,14,8,Extrovert
847,1,No,7,4,No,13,9,Extrovert
848,8,Yes,3,1,Yes,5,0,Introvert
849,4,No,4,4,No,7,5,Extrovert
850,5,Yes,0,2,Yes,0,0,Introvert
851,3,No,6,5,No,8,8,Extrovert
852,11,Yes,5,4,No,14,3,Introvert
853,7,Yes,3,2,Yes,3,0,Introvert
854,8,Yes,3,1,Yes,3,0,Introvert
855,5,Yes,0,2,Yes,4,0,Introvert
856,4,No,4,7,No,13,6,Extrovert
857,1,No,9,7,No,9,4,Extrovert
858,11,Yes,1,0,Yes,4,1,Introvert
859,3,No,4,6,No,8,8,Extrovert
860,5,Yes,0,2,Yes,4,0,Introvert
861,6,Yes,2,1,Yes,3,1,Introvert
862,6,Yes,0,1,Yes,2,2,Introvert
863,9,Yes,1,0,Yes,1,0,Introvert
864,9,Yes,2,2,Yes,2,1,Introvert
865,6,Yes,3,1,Yes,3,2,Introvert
866,6,Yes,1,0,Yes,3,1,Introvert
867,6,Yes,3,2,Yes,1,0,Introvert
868,3,No,8,7,No,11,7,Extrovert
869,2,No,9,6,No,7,3,Extrovert
870,11,Yes,2,1,Yes,2,1,Introvert
871,6,Yes,1,1,Yes,0,1,Introvert
872,2,No,2,0,Yes,3,2,Extrovert
873,0,No,0,1,Yes,3,0,Extrovert
874,0,No,2,2,Yes,5,0,Extrovert
875,11,Yes,0,0,Yes,1,1,Introvert
876,3,No,5,5,No,11,9,Extrovert
877,1,No,4,4,No,14,7,Extrovert
878,2,No,8,4,No,14,5,Extrovert
879,0,No,5,4,No,11,8,Extrovert
880,3,No,9,,No,11,4,Extrovert
881,7,Yes,0,0,Yes,2,0,Introvert
882,10,Yes,0,1,Yes,5,2,Introvert
883,2,No,0,2,Yes,0,1,Extrovert
884,9,Yes,8,6,No,14,3,Introvert
885,3,No,4,6,No,11,4,Extrovert
886,2,No,6,7,No,7,8,Extrovert
887,4,No,2,0,Yes,1,1,Extrovert
888,3,No,7,4,No,14,6,Extrovert
889,2,No,1,0,Yes,3,2,Extrovert
890,4,No,9,5,No,7,6,Extrovert
891,7,Yes,2,0,Yes,4,2,Introvert
892,5,Yes,2,2,Yes,4,2,Introvert
893,1,No,3,2,Yes,2,2,Extrovert
894,7,Yes,0,0,Yes,5,2,Introvert
895,7,Yes,1,0,Yes,3,0,Introvert
896,2,No,9,6,No,8,4,Extrovert
897,11,Yes,1,1,Yes,1,0,Introvert
898,6,Yes,3,1,Yes,0,1,Introvert
899,9,Yes,2,2,Yes,3,1,Introvert
900,6,Yes,0,2,Yes,0,1,Introvert
901,2,No,5,7,No,9,6,Extrovert
902,5,Yes,1,2,Yes,5,0,Introvert
903,8,Yes,3,0,Yes,1,2,Introvert
904,4,No,8,6,No,11,8,Extrovert
905,10,Yes,1,0,Yes,1,0,Introvert
906,3,No,5,7,No,14,7,Extrovert
907,5,Yes,3,0,,1,2,Introvert
908,11,Yes,3,1,Yes,2,2,Introvert
909,11,Yes,0,1,Yes,,1,Introvert
910,5,Yes,2,1,Yes,4,2,Introvert
911,9,Yes,2,1,Yes,0,2,Introvert
912,7,Yes,,1,Yes,4,2,Introvert
913,9,Yes,7,6,No,14,8,Introvert
914,10,Yes,0,0,Yes,5,0,Introvert
915,2,No,6,6,No,10,4,Extrovert
916,0,No,5,5,No,12,3,Extrovert
917,9,Yes,2,2,Yes,3,1,Introvert
918,8,Yes,3,1,Yes,5,1,Introvert
919,9,Yes,2,0,Yes,5,0,Introvert
920,9,Yes,3,2,Yes,0,0,Introvert
921,3,No,9,4,No,12,6,Extrovert
922,11,Yes,0,1,Yes,3,0,Introvert
923,1,No,6,7,No,10,8,Extrovert
924,3,No,5,6,No,11,6,Extrovert
925,3,No,5,6,No,11,8,Extrovert
926,4,No,7,5,No,11,3,Extrovert
927,6,Yes,5,6,No,9,8,Introvert
928,8,Yes,1,0,Yes,4,0,Introvert
929,8,Yes,2,0,Yes,1,1,Introvert
930,7,Yes,0,2,Yes,3,0,Introvert
931,5,Yes,3,2,Yes,5,0,Introvert
932,1,No,7,6,No,13,8,Extrovert
933,11,Yes,7,7,No,13,6,Introvert
934,8,Yes,0,1,Yes,4,1,Introvert
935,4,No,5,7,No,12,3,Extrovert
936,1,No,7,5,No,9,4,Extrovert
937,11,Yes,1,0,Yes,1,0,Introvert
938,1,No,4,4,No,7,5,Extrovert
939,0,No,4,4,No,8,6,Extrovert
940,9,Yes,2,1,Yes,3,1,Introvert
941,2,No,9,6,No,11,5,Extrovert
942,0,No,9,7,No,10,6,Extrovert
943,7,Yes,3,2,Yes,0,1,Introvert
944,9,Yes,1,0,Yes,2,1,Introvert
945,9,Yes,1,1,Yes,5,1,Introvert
946,1,No,7,5,No,14,9,Extrovert
947,4,No,6,5,No,7,5,Extrovert
948,6,Yes,1,1,Yes,1,0,Introvert
949,5,Yes,4,4,No,11,3,Introvert
950,8,Yes,2,1,Yes,0,,Introvert
951,8,Yes,9,5,No,9,5,Introvert
952,7,Yes,4,5,No,14,7,Introvert
953,5,Yes,1,0,Yes,1,0,Introvert
954,3,No,7,4,No,9,4,Extrovert
955,0,No,7,6,No,11,7,Extrovert
956,1,No,9,5,No,12,5,Extrovert
957,9,Yes,2,0,Yes,2,1,Introvert
958,0,No,4,5,No,7,7,Extrovert
959,0,No,4,6,No,8,3,Extrovert
960,10,Yes,0,0,Yes,3,1,Introvert
961,9,Yes,2,2,Yes,3,0,Introvert
962,5,Yes,3,2,Yes,0,0,Introvert
963,5,Yes,3,0,Yes,3,1,Introvert
964,10,Yes,1,2,Yes,4,2,Introvert
965,0,No,8,6,No,12,5,Extrovert
966,1,No,9,5,No,12,7,Extrovert
967,11,Yes,1,0,Yes,5,2,Introvert
968,1,No,9,6,No,10,8,Extrovert
969,0,No,8,5,No,12,4,Extrovert
970,0,No,8,4,No,10,4,Extrovert
971,0,No,8,4,No,10,4,Extrovert
972,11,Yes,0,0,Yes,2,0,Introvert
973,4,No,,6,No,10,6,Extrovert
974,0,No,8,5,No,9,4,Extrovert
975,11,Yes,3,1,Yes,2,0,Introvert
976,4,No,7,4,No,11,4,Extrovert
977,5,Yes,1,0,Yes,0,0,Introvert
978,4,No,0,0,Yes,0,0,Extrovert
979,7,Yes,3,0,Yes,0,1,Introvert
980,1,No,5,7,No,13,7,Extrovert
981,9,Yes,2,2,Yes,1,2,Introvert
982,3,No,4,6,No,6,6,Extrovert
983,2,No,8,6,No,10,6,Extrovert
984,7,Yes,2,0,Yes,4,0,Introvert
985,7,Yes,6,4,No,8,5,Introvert
986,8,Yes,0,0,Yes,3,0,Introvert
987,7,Yes,1,2,Yes,5,2,Introvert
988,3,No,6,6,No,8,6,Extrovert
989,8,Yes,2,1,Yes,,0,Introvert
990,8,Yes,1,1,Yes,5,2,Introvert
991,3,No,7,4,No,13,3,Extrovert
992,8,Yes,1,2,Yes,1,2,Introvert
993,7,Yes,3,1,Yes,3,1,Introvert
994,1,No,4,4,No,12,8,Extrovert
995,9,Yes,1,1,Yes,4,2,Introvert
996,2,No,5,5,No,10,9,Extrovert
997,1,No,7,5,No,6,4,Extrovert
998,9,Yes,0,0,Yes,2,1,Introvert
999,9,Yes,1,0,Yes,1,1,Introvert
1000,1,No,9,7,No,10,6,Extrovert
1001,10,Yes,2,1,Yes,0,0,Introvert
1002,1,No,5,7,No,12,9,Extrovert
1003,9,Yes,3,0,Yes,1,0,Introvert
1004,5,Yes,9,4,No,13,8,Introvert
1005,2,No,,6,No,12,6,Extrovert
1006,4,No,6,7,No,11,,Extrovert
1007,10,Yes,0,1,Yes,3,0,Introvert
1008,3,No,5,5,No,10,9,Extrovert
1009,10,Yes,2,1,Yes,2,2,Introvert
1010,11,Yes,3,0,Yes,5,2,Introvert
1011,0,No,8,4,No,13,5,Extrovert
1012,10,Yes,1,2,Yes,4,1,Introvert
1013,3,No,7,6,No,14,7,Extrovert
1014,11,Yes,3,1,Yes,1,0,Introvert
1015,6,Yes,0,2,Yes,0,2,Introvert
1016,11,Yes,3,1,Yes,1,2,Introvert
1017,3,No,5,4,No,12,5,Extrovert
1018,6,Yes,1,0,Yes,,0,Introvert
1019,3,No,7,5,,11,6,Extrovert
1020,6,Yes,1,1,Yes,0,1,Introvert
1021,6,Yes,0,2,Yes,2,2,Introvert
1022,7,Yes,1,2,Yes,4,1,Introvert
1023,7,Yes,2,0,Yes,3,1,Introvert
1024,10,Yes,1,2,Yes,1,0,Introvert
1025,9,Yes,0,1,Yes,4,1,Introvert
1026,3,No,9,,No,14,7,Extrovert
1027,9,Yes,0,2,Yes,3,0,Introvert
1028,7,Yes,2,0,Yes,1,2,Introvert
1029,8,Yes,3,1,Yes,1,1,Introvert
1030,3,No,6,6,No,8,3,Extrovert
1031,1,No,9,6,No,11,7,Extrovert
1032,10,Yes,1,1,Yes,5,0,Introvert
1033,6,Yes,3,2,Yes,4,1,Introvert
1034,9,Yes,0,2,Yes,0,1,Introvert
1035,8,Yes,3,0,Yes,2,2,Introvert
1036,8,Yes,2,0,Yes,3,1,Introvert
1037,10,Yes,0,0,Yes,5,2,Introvert
1038,9,Yes,2,1,Yes,5,2,Introvert
1039,11,Yes,0,1,Yes,4,0,Introvert
1040,8,Yes,0,1,Yes,1,2,Introvert
1041,2,No,6,4,No,11,7,Extrovert
1042,8,Yes,4,6,No,8,7,Introvert
1043,3,No,5,6,No,8,7,Extrovert
1044,10,Yes,3,0,Yes,3,0,Introvert
1045,2,No,5,7,No,10,6,Extrovert
1046,5,Yes,1,1,Yes,1,2,Introvert
1047,3,No,4,7,No,11,3,Extrovert
1048,1,No,9,7,No,14,9,Extrovert
1049,1,No,3,0,Yes,3,0,Extrovert
1050,6,Yes,3,1,Yes,5,1,Introvert
1051,9,Yes,2,2,Yes,3,1,Introvert
1052,5,Yes,1,1,Yes,1,0,Introvert
1053,2,No,9,7,No,14,7,Extrovert
1054,7,Yes,3,2,Yes,3,1,Introvert
1055,3,No,6,4,No,10,6,Extrovert
1056,7,Yes,0,2,Yes,5,2,Introvert
1057,6,Yes,1,2,Yes,3,2,Introvert
1058,1,No,8,5,No,13,8,Extrovert
1059,11,Yes,0,1,Yes,4,1,Introvert
1060,9,Yes,2,2,Yes,1,0,Introvert
1061,0,No,4,6,No,8,3,Extrovert
1062,7,Yes,3,0,Yes,4,0,Introvert
1063,0,No,5,4,No,9,9,Extrovert
1064,7,Yes,0,2,Yes,5,2,Introvert
1065,2,No,4,7,No,7,6,Extrovert
1066,4,No,6,4,No,12,8,Extrovert
1067,2,No,4,5,No,11,8,Extrovert
1068,10,Yes,1,0,Yes,1,0,Introvert
1069,10,Yes,1,1,Yes,0,1,Introvert
1070,6,Yes,1,2,Yes,4,2,Introvert
1071,9,Yes,3,2,Yes,5,2,Introvert
1072,1,No,6,7,No,8,9,Extrovert
1073,4,No,8,7,No,9,8,Extrovert
1074,11,Yes,1,2,Yes,4,2,Introvert
1075,1,No,7,7,No,14,4,Extrovert
1076,4,No,5,4,No,7,3,Extrovert
1077,4,No,9,6,No,13,6,Extrovert
1078,4,No,5,7,No,8,8,Extrovert
1079,7,Yes,3,2,Yes,0,2,Introvert
1080,10,Yes,2,,Yes,4,,Introvert
1081,3,No,7,5,No,13,6,Extrovert
1082,7,Yes,0,0,Yes,4,2,Introvert
1083,11,Yes,2,2,Yes,5,1,Introvert
1084,5,Yes,3,1,Yes,3,1,Introvert
1085,10,Yes,3,2,Yes,4,2,Introvert
1086,11,Yes,1,2,Yes,5,0,Introvert
1087,1,No,4,6,No,13,7,Extrovert
1088,6,Yes,3,2,Yes,4,1,Introvert
1089,5,Yes,1,1,Yes,2,0,Introvert
1090,3,No,6,5,No,12,3,Extrovert
1091,1,No,8,6,No,10,7,Extrovert
1092,9,Yes,0,1,Yes,3,1,Introvert
1093,2,No,6,6,No,10,3,Extrovert
1094,1,No,4,7,No,14,6,Extrovert
1095,2,No,5,5,No,10,5,Extrovert
1096,4,No,7,4,No,14,6,Extrovert
1097,3,No,5,5,No,8,6,Extrovert
1098,1,No,4,6,No,7,9,Extrovert
1099,8,Yes,3,0,Yes,4,1,Introvert
1100,6,Yes,2,1,Yes,1,0,Introvert
1101,1,No,5,5,No,6,7,Extrovert
1102,7,Yes,7,5,No,14,5,Introvert
1103,0,No,5,5,No,14,9,Extrovert
1104,11,Yes,3,1,Yes,0,0,Introvert
1105,9,Yes,2,1,Yes,2,2,Introvert
1106,7,Yes,3,0,Yes,1,1,Introvert
1107,6,Yes,7,6,No,12,8,Introvert
1108,3,No,7,7,No,6,9,Extrovert
1109,10,Yes,3,2,Yes,2,1,Introvert
1110,11,Yes,2,1,Yes,4,2,Introvert
1111,1,No,8,4,No,9,8,Extrovert
1112,2,No,7,4,No,12,3,Extrovert
1113,4,No,7,4,No,7,5,Extrovert
1114,9,Yes,1,2,Yes,2,2,Introvert
1115,6,Yes,2,1,Yes,5,1,Introvert
1116,6,Yes,3,0,Yes,5,2,Introvert
1117,6,Yes,1,2,Yes,5,2,Introvert
1118,6,Yes,0,0,Yes,5,1,Introvert
1119,5,Yes,2,1,Yes,0,2,Introvert
1120,5,Yes,2,2,Yes,1,2,Introvert
1121,11,Yes,3,0,Yes,5,2,Introvert
1122,4,No,6,7,No,12,3,Extrovert
1123,3,No,6,6,No,9,8,Extrovert
1124,0,No,9,4,No,9,3,Extrovert
1125,4,No,4,7,No,6,6,Extrovert
1126,4,No,9,6,No,10,5,Extrovert
1127,1,No,6,5,No,14,6,Extrovert
1128,7,Yes,3,1,Yes,0,0,Introvert
1129,11,Yes,1,0,Yes,4,1,Introvert
1130,2,No,9,7,No,8,5,Extrovert
1131,10,Yes,1,1,Yes,4,2,Introvert
1132,4,No,8,7,No,9,7,Extrovert
1133,0,No,7,4,No,10,7,Extrovert
1134,5,Yes,0,0,Yes,3,2,Introvert
1135,0,No,5,7,No,6,7,Extrovert
1136,3,No,7,5,No,14,5,Extrovert
1137,11,Yes,3,0,Yes,5,0,Introvert
1138,0,No,1,0,Yes,4,2,Extrovert
1139,6,Yes,2,2,Yes,3,1,Introvert
1140,7,Yes,0,2,Yes,5,1,Introvert
1141,3,No,5,6,No,12,3,Extrovert
1142,4,No,9,5,No,11,3,Extrovert
1143,8,Yes,0,0,Yes,3,1,Introvert
1144,8,Yes,6,7,No,8,6,Introvert
1145,11,Yes,0,0,Yes,4,0,Introvert
1146,0,No,6,7,No,8,7,Extrovert
1147,0,No,4,4,No,11,3,Extrovert
1148,2,No,4,5,No,13,5,Extrovert
1149,10,Yes,3,0,Yes,1,2,Introvert
1150,8,Yes,,0,Yes,5,1,Introvert
1151,8,Yes,1,1,Yes,0,0,Introvert
1152,0,No,8,4,No,14,3,Extrovert
1153,11,Yes,0,2,Yes,2,2,Introvert
1154,11,Yes,0,2,Yes,4,2,Introvert
1155,2,No,6,6,No,6,6,Extrovert
1156,4,No,7,7,No,13,7,Extrovert
1157,7,Yes,0,0,Yes,0,0,Introvert
1158,7,Yes,2,1,Yes,4,0,Introvert
1159,2,No,1,2,Yes,5,0,Extrovert
1160,5,Yes,2,0,Yes,3,1,Introvert
1161,2,No,5,7,No,6,9,Extrovert
1162,1,No,5,4,No,8,9,Extrovert
1163,0,No,7,4,No,6,6,Extrovert
1164,8,Yes,2,2,Yes,0,2,Introvert
1165,5,Yes,2,0,Yes,0,1,Introvert
1166,1,No,6,6,No,7,5,Extrovert
1167,8,Yes,0,0,Yes,3,2,Introvert
1168,2,No,9,6,No,10,4,Extrovert
1169,9,Yes,1,2,Yes,5,1,Introvert
1170,9,Yes,4,5,No,8,5,Introvert
1171,2,No,8,6,No,10,7,Extrovert
1172,5,Yes,0,2,Yes,0,2,Introvert
1173,4,No,0,1,Yes,3,0,Extrovert
1174,3,No,6,5,No,9,5,Extrovert
1175,4,No,4,4,No,11,4,Extrovert
1176,11,Yes,3,1,Yes,2,2,Introvert
1177,0,No,7,6,No,14,9,Extrovert
1178,2,No,6,7,No,14,8,Extrovert
1179,7,Yes,3,0,Yes,1,0,Introvert
1180,11,Yes,3,0,Yes,0,0,Introvert
1181,1,No,7,6,No,7,6,Extrovert
1182,9,Yes,2,2,Yes,2,1,Introvert
1183,1,No,4,4,No,11,7,Extrovert
1184,7,Yes,1,1,Yes,0,2,Introvert
1185,6,Yes,,0,Yes,1,0,Introvert
1186,11,Yes,6,6,No,9,4,Introvert
1187,0,No,9,5,No,8,4,Extrovert
1188,10,Yes,2,0,Yes,4,1,Introvert
1189,0,No,8,5,No,10,4,Extrovert
1190,2,No,0,2,Yes,5,1,Extrovert
1191,3,No,4,4,No,9,3,Extrovert
1192,10,Yes,3,1,Yes,3,0,Introvert
1193,6,Yes,4,4,No,7,7,Introvert
1194,0,No,8,6,No,12,5,Extrovert
1195,11,Yes,1,1,Yes,4,2,Introvert
1196,4,No,4,4,No,10,6,Extrovert
1197,4,No,2,2,Yes,0,2,Extrovert
1198,4,No,8,6,No,7,5,Extrovert
1199,11,Yes,2,0,Yes,0,2,Introvert
1200,6,Yes,5,7,No,11,3,Introvert
1201,11,Yes,1,2,Yes,4,2,Introvert
1202,8,Yes,3,0,Yes,0,0,Introvert
1203,3,No,9,6,No,10,4,Extrovert
1204,4,No,9,4,No,11,7,Extrovert
1205,9,Yes,2,2,Yes,3,0,Introvert
1206,7,Yes,3,0,Yes,5,1,Introvert
1207,5,Yes,1,0,Yes,2,2,Introvert
1208,0,No,3,1,Yes,1,1,Extrovert
1209,0,No,4,5,No,13,9,Extrovert
1210,7,Yes,2,2,Yes,0,2,Introvert
1211,10,Yes,0,2,Yes,4,1,Introvert
1212,1,No,1,2,Yes,3,2,Extrovert
1213,7,Yes,2,2,Yes,0,0,Introvert
1214,0,No,4,4,No,6,5,Extrovert
1215,0,No,9,6,No,10,7,Extrovert
1216,10,Yes,1,0,Yes,1,1,Introvert
1217,2,No,9,6,No,8,8,Extrovert
1218,9,Yes,1,1,Yes,4,1,Introvert
1219,1,No,6,7,No,14,8,Extrovert
1220,2,No,6,6,No,7,4,Extrovert
1221,0,No,9,6,No,8,3,Extrovert
1222,6,Yes,0,,Yes,0,2,Introvert
1223,1,No,8,7,No,13,7,Extrovert
1224,2,No,4,6,No,6,6,Extrovert
1225,3,No,5,6,No,13,9,Extrovert
1226,9,Yes,1,1,Yes,5,1,Introvert
1227,6,Yes,1,2,Yes,2,2,Introvert
1228,7,Yes,3,0,Yes,4,1,Introvert
1229,0,No,8,6,No,11,4,Extrovert
1230,2,No,4,6,No,7,4,Extrovert
1231,3,No,9,7,No,7,4,Extrovert
1232,6,Yes,0,2,Yes,3,1,Introvert
1233,10,Yes,2,2,Yes,5,1,Introvert
1234,9,Yes,2,1,Yes,4,2,Introvert
1235,4,No,4,4,No,14,8,Extrovert
1236,5,Yes,0,0,Yes,2,0,Introvert
1237,3,No,4,4,No,11,9,Extrovert
1238,11,Yes,2,2,Yes,5,1,Introvert
1239,11,Yes,3,1,Yes,3,1,Introvert
1240,3,No,5,7,No,9,7,Extrovert
1241,9,Yes,2,1,Yes,5,2,Introvert
1242,0,No,8,6,No,12,4,Extrovert
1243,1,No,9,5,No,7,4,Extrovert
1244,4,No,6,4,No,6,9,Extrovert
1245,5,Yes,4,5,No,7,8,Introvert
1246,1,No,4,6,No,13,4,Extrovert
1247,7,Yes,0,1,Yes,4,0,Introvert
1248,10,Yes,0,2,Yes,0,0,Introvert
1249,4,No,6,4,No,7,6,Extrovert
1250,1,No,,5,No,8,7,Extrovert
1251,4,No,4,5,No,13,6,Extrovert
1252,9,Yes,0,0,Yes,1,2,Introvert
1253,8,Yes,0,0,Yes,3,2,Introvert
1254,0,No,5,6,No,12,7,Extrovert
1255,1,No,6,4,No,10,3,Extrovert
1256,3,No,7,6,No,6,6,Extrovert
1257,3,No,4,5,No,14,7,Extrovert
1258,6,Yes,2,2,Yes,3,0,Introvert
1259,6,Yes,0,0,Yes,5,2,Introvert
1260,1,No,4,6,No,7,8,Extrovert
1261,4,No,7,4,No,12,3,Extrovert
1262,7,Yes,1,0,Yes,4,2,Introvert
1263,3,No,4,4,No,11,5,Extrovert
1264,0,No,9,4,No,9,7,Extrovert
1265,9,Yes,0,0,Yes,,0,Introvert
1266,3,No,7,5,No,8,6,Extrovert
1267,11,Yes,3,0,Yes,3,1,Introvert
1268,5,Yes,0,0,Yes,3,2,Introvert
1269,9,Yes,0,0,Yes,0,1,Introvert
1270,1,No,1,0,Yes,3,2,Extrovert
1271,4,No,5,5,No,10,8,Extrovert
1272,3,No,5,5,No,6,6,Extrovert
1273,2,No,1,2,Yes,0,2,Extrovert
1274,5,Yes,1,0,Yes,3,1,Introvert
1275,3,No,8,6,No,14,6,Extrovert
1276,0,No,7,5,No,11,3,Extrovert
1277,7,Yes,2,2,Yes,0,1,Introvert
1278,4,No,6,5,No,10,4,Extrovert
1279,10,Yes,2,1,Yes,0,1,Introvert
1280,9,Yes,1,2,Yes,4,0,Introvert
1281,10,Yes,2,1,,3,0,Introvert
1282,1,No,3,2,Yes,4,0,Extrovert
1283,11,Yes,3,2,Yes,2,0,Introvert
1284,4,No,6,7,No,6,9,Extrovert
1285,3,No,8,5,No,9,5,Extrovert
1286,1,No,4,4,No,7,4,Extrovert
1287,11,Yes,0,2,Yes,3,2,Introvert
1288,9,Yes,,1,Yes,0,2,Introvert
1289,7,Yes,3,1,Yes,2,2,Introvert
1290,3,No,7,5,No,14,3,Extrovert
1291,2,No,5,7,No,12,4,Extrovert
1292,7,Yes,1,0,Yes,1,2,Introvert
1293,10,Yes,2,2,Yes,4,0,Introvert
1294,3,No,7,6,No,6,3,Extrovert
1295,10,Yes,3,1,Yes,5,0,Introvert
1296,6,Yes,2,0,Yes,5,1,Introvert
1297,11,Yes,0,1,Yes,4,0,Introvert
1298,5,Yes,3,1,Yes,0,1,Introvert
1299,0,No,6,5,No,10,8,Extrovert
1300,3,No,9,5,No,11,8,Extrovert
1301,3,No,9,5,No,8,8,Extrovert
1302,6,Yes,0,0,Yes,2,0,Introvert
1303,3,No,6,4,No,7,5,Extrovert
1304,1,No,7,7,No,11,3,Extrovert
1305,7,Yes,3,2,Yes,3,2,Introvert
1306,4,No,9,4,No,10,3,Extrovert
1307,7,Yes,6,6,No,12,8,Introvert
1308,0,No,5,5,No,11,6,Extrovert
1309,6,Yes,2,0,Yes,2,0,Introvert
1310,3,No,4,6,No,10,4,Extrovert
1311,8,Yes,2,0,Yes,1,1,Introvert
1312,0,No,7,6,No,6,5,Extrovert
1313,7,Yes,0,2,Yes,3,1,Introvert
1314,4,No,8,5,No,14,7,Extrovert
1315,2,No,7,4,No,10,4,Extrovert
1316,10,Yes,3,1,Yes,2,1,Introvert
1317,1,No,6,4,No,8,6,Extrovert
1318,4,No,8,5,No,9,3,Extrovert
1319,3,No,6,5,No,8,3,Extrovert
1320,1,No,4,4,No,12,3,Extrovert
1321,0,No,7,7,No,10,8,Extrovert
1322,6,Yes,,4,No,12,5,Introvert
1323,4,No,9,4,No,7,7,Extrovert
1324,4,No,8,7,No,10,,Extrovert
1325,3,No,7,4,No,7,3,Extrovert
1326,11,Yes,1,0,Yes,3,2,Introvert
1327,8,Yes,2,2,Yes,0,0,Introvert
1328,0,No,5,4,No,6,8,Extrovert
1329,2,No,8,4,No,9,7,Extrovert
1330,6,Yes,2,2,Yes,4,2,Introvert
1331,5,Yes,1,2,Yes,2,0,Introvert
1332,1,No,5,7,No,10,7,Extrovert
1333,9,Yes,3,2,Yes,1,2,Introvert
1334,8,Yes,3,0,Yes,4,0,Introvert
1335,8,Yes,2,2,Yes,5,1,Introvert
1336,4,No,6,7,No,8,7,Extrovert
1337,11,Yes,2,2,Yes,2,2,Introvert
1338,1,No,7,5,No,13,4,Extrovert
1339,0,No,6,5,No,14,3,Extrovert
1340,10,Yes,0,2,Yes,4,0,Introvert
1341,1,No,9,4,No,14,3,Extrovert
1342,9,Yes,0,1,Yes,5,0,Introvert
1343,4,No,5,7,No,12,9,Extrovert
1344,3,No,8,4,No,9,5,Extrovert
1345,4,No,2,1,Yes,3,1,Extrovert
1346,11,Yes,2,2,Yes,0,0,Introvert
1347,4,No,5,5,No,10,3,Extrovert
1348,6,Yes,2,2,Yes,5,0,Introvert
1349,2,No,6,6,No,11,6,Extrovert
1350,0,No,9,4,No,11,7,Extrovert
1351,3,No,4,7,No,12,9,Extrovert
1352,4,No,5,7,No,7,9,Extrovert
1353,1,No,4,4,No,11,3,Extrovert
1354,1,No,7,7,No,9,9,Extrovert
1355,7,Yes,2,0,Yes,4,1,Introvert
1356,0,No,4,,No,14,5,Extrovert
1357,10,Yes,0,0,Yes,1,2,Introvert
1358,5,Yes,2,2,Yes,5,0,Introvert
1359,9,Yes,2,1,Yes,4,1,Introvert
1360,0,No,4,5,No,14,7,Extrovert
1361,1,No,8,5,No,11,6,Extrovert
1362,4,No,8,6,No,6,9,Extrovert
1363,1,No,7,7,No,,3,Extrovert
1364,1,No,6,5,No,9,6,Extrovert
1365,8,Yes,0,2,Yes,2,2,Introvert
1366,9,Yes,1,1,Yes,0,1,Introvert
1367,0,No,0,2,Yes,3,2,Extrovert
1368,3,No,6,5,No,14,3,Extrovert
1369,2,No,6,4,No,6,7,Extrovert
1370,4,No,9,7,No,8,5,Extrovert
1371,11,Yes,3,2,Yes,2,1,Introvert
1372,6,Yes,3,2,Yes,3,2,Introvert
1373,1,No,9,6,No,14,7,Extrovert
1374,5,Yes,9,7,No,12,5,Introvert
1375,9,Yes,3,2,Yes,2,2,Introvert
1376,9,Yes,3,0,Yes,0,1,Introvert
1377,4,No,2,0,Yes,2,0,Extrovert
1378,2,No,4,4,No,14,6,Extrovert
1379,7,Yes,0,1,Yes,2,0,Introvert
1380,9,Yes,1,0,Yes,2,1,Introvert
1381,9,Yes,2,1,Yes,5,2,Introvert
1382,4,No,7,4,No,9,8,Extrovert
1383,2,No,2,2,Yes,5,2,Extrovert
1384,6,Yes,3,1,Yes,4,0,Introvert
1385,3,No,5,6,No,14,3,Extrovert
1386,1,No,5,5,No,6,4,Extrovert
1387,1,No,5,4,No,14,7,Extrovert
1388,10,Yes,1,0,Yes,0,,Introvert
1389,4,No,7,6,No,8,4,Extrovert
1390,5,Yes,0,2,Yes,1,1,Introvert
1391,6,Yes,1,1,Yes,2,2,Introvert
1392,8,Yes,2,0,Yes,5,2,Introvert
1393,9,Yes,1,2,Yes,3,2,Introvert
1394,5,Yes,1,1,Yes,4,1,Introvert
1395,2,No,6,5,No,14,3,Extrovert
1396,8,Yes,3,1,Yes,0,2,Introvert
1397,10,Yes,2,1,Yes,4,0,Introvert
1398,9,Yes,1,0,Yes,1,0,Introvert
1399,1,No,6,5,No,8,7,Extrovert
1400,1,No,9,7,No,7,8,Extrovert
1401,9,Yes,1,1,Yes,4,0,Introvert
1402,4,No,5,3,No,9,4,Extrovert
1403,1,No,8,5,No,8,9,Extrovert
1404,4,No,9,4,No,6,6,Extrovert
1405,11,Yes,9,5,No,13,7,Introvert
1406,6,Yes,2,2,Yes,5,2,Introvert
1407,5,Yes,3,2,Yes,3,2,Introvert
1408,1,No,0,1,Yes,1,2,Extrovert
1409,3,No,9,3,No,8,7,Extrovert
1410,4,No,9,5,No,7,4,Extrovert
1411,6,Yes,1,1,Yes,2,0,Introvert
1412,2,No,7,4,No,13,8,Extrovert
1413,0,No,7,4,No,11,7,Extrovert
1414,5,Yes,2,2,Yes,1,1,Introvert
1415,7,Yes,1,1,Yes,1,0,Introvert
1416,7,Yes,2,2,Yes,5,2,Introvert
1417,8,Yes,,0,Yes,4,0,Introvert
1418,1,No,4,5,No,14,4,Extrovert
1419,9,Yes,0,1,Yes,1,1,Introvert
1420,7,Yes,0,1,Yes,3,2,Introvert
1421,4,No,4,4,No,7,6,Extrovert
1422,10,Yes,0,2,,2,0,Introvert
1423,8,Yes,0,2,Yes,4,1,Introvert
1424,8,Yes,2,0,Yes,1,1,Introvert
1425,9,Yes,,2,Yes,3,2,Introvert
1426,0,No,6,4,No,13,8,Extrovert
1427,7,Yes,0,0,Yes,1,1,Introvert
1428,3,No,6,5,No,9,4,Extrovert
1429,2,No,5,4,No,11,3,Extrovert
1430,6,Yes,2,2,Yes,4,1,Introvert
1431,1,No,7,4,No,10,4,Extrovert
1432,10,Yes,2,0,Yes,4,0,Introvert
1433,5,Yes,3,2,Yes,1,0,Introvert
1434,1,No,0,0,Yes,1,2,Extrovert
1435,3,No,4,6,No,6,6,Extrovert
1436,3,No,2,1,Yes,1,0,Extrovert
1437,5,Yes,1,2,Yes,4,0,Introvert
1438,9,Yes,2,1,Yes,,2,Introvert
1439,1,No,5,4,No,5,5,Extrovert
1440,5,Yes,8,7,No,14,7,Introvert
1441,10,Yes,1,0,Yes,5,0,Introvert
1442,0,No,4,5,No,14,8,Extrovert
1443,11,Yes,0,2,Yes,4,0,Introvert
1444,3,No,7,6,No,8,5,Extrovert
1445,6,Yes,1,,Yes,4,2,Introvert
1446,4,No,9,3,No,8,6,Extrovert
1447,10,Yes,0,1,Yes,5,,Introvert
1448,1,No,5,6,No,11,3,Extrovert
1449,1,No,7,4,No,8,4,Extrovert
1450,9,Yes,1,0,Yes,2,0,Introvert
1451,0,No,4,3,No,6,5,Extrovert
1452,4,No,4,3,No,15,5,Extrovert
1453,1,No,9,5,No,14,6,Extrovert
1454,2,No,9,5,No,10,5,Extrovert
1455,4,No,9,6,No,9,6,Extrovert
1456,2,No,7,5,No,,4,Extrovert
1457,8,Yes,,0,Yes,3,1,Introvert
1458,8,Yes,1,1,Yes,3,2,Introvert
1459,9,Yes,1,0,Yes,5,2,Introvert
1460,8,Yes,2,1,Yes,3,1,Introvert
1461,10,Yes,3,1,Yes,2,0,Introvert
1462,6,Yes,0,0,,1,2,Introvert
1463,4,No,4,4,No,10,,Extrovert
1464,8,Yes,3,2,Yes,3,0,Introvert
1465,5,Yes,0,,Yes,5,1,Introvert
1466,2,No,8,4,No,8,3,Extrovert
1467,5,Yes,3,,Yes,4,0,Introvert
1468,3,No,9,6,No,6,7,Extrovert
1469,9,Yes,2,1,Yes,5,2,Introvert
1470,4,No,5,6,No,11,5,Extrovert
1471,3,No,6,3,No,7,4,Extrovert
1472,5,Yes,0,1,Yes,3,1,Introvert
1473,9,Yes,2,2,Yes,1,2,Introvert
1474,1,No,4,5,No,9,3,Extrovert
1475,4,No,9,4,No,7,,Extrovert
1476,3,No,7,3,No,8,6,Extrovert
1477,2,No,4,3,No,11,6,Extrovert
1478,6,Yes,0,1,Yes,2,2,Introvert
1479,7,Yes,3,2,Yes,5,2,Introvert
1480,9,Yes,2,1,Yes,5,0,Introvert
1481,2,No,8,4,No,11,4,Extrovert
1482,0,No,6,3,No,10,8,Extrovert
1483,10,Yes,0,1,Yes,2,2,Introvert
1484,11,Yes,0,0,Yes,5,,Introvert
1485,11,Yes,0,0,,5,1,Introvert
1486,8,Yes,,0,Yes,3,0,Introvert
1487,3,No,6,5,No,9,6,Extrovert
1488,4,No,8,4,No,8,4,Extrovert
1489,1,No,7,4,No,12,5,Extrovert
1490,2,No,8,6,No,10,4,Extrovert
1491,10,Yes,1,0,Yes,1,0,Introvert
1492,1,No,4,6,No,13,3,Extrovert
1493,1,No,5,6,No,5,4,Extrovert
1494,1,No,5,6,No,12,7,Extrovert
1495,4,No,6,5,No,6,5,Extrovert
1496,0,No,4,5,No,,6,Extrovert
1497,3,No,8,5,No,9,6,Extrovert
1498,5,Yes,9,5,No,10,9,Introvert
1499,10,Yes,2,0,Yes,5,2,Introvert
1500,11,Yes,2,0,Yes,,0,Introvert
1501,9,Yes,1,2,,4,2,Introvert
1502,4,No,6,5,No,7,6,Extrovert
1503,8,Yes,2,1,Yes,5,0,Introvert
1504,3,No,9,6,No,12,4,Extrovert
1505,2,No,7,3,No,12,3,Extrovert
1506,5,Yes,1,2,Yes,2,2,Introvert
1507,5,Yes,3,1,Yes,4,1,Introvert
1508,2,No,4,3,No,14,9,Extrovert
1509,9,Yes,2,1,Yes,2,0,Introvert
1510,5,Yes,3,2,Yes,2,1,Introvert
1511,6,Yes,0,2,Yes,4,1,Introvert
1512,8,Yes,1,2,Yes,1,1,Introvert
1513,1,No,4,3,No,,5,Extrovert
1514,1,No,7,4,No,13,4,Extrovert
1515,0,No,7,4,No,8,7,Extrovert
1516,0,No,6,4,No,5,7,Extrovert
1517,1,No,5,6,No,11,9,Extrovert
1518,8,Yes,3,0,,2,0,Introvert
1519,0,No,9,3,No,12,8,Extrovert
1520,3,No,9,5,No,11,6,Extrovert
1521,3,No,6,6,No,10,8,Extrovert
1522,0,No,4,4,No,6,4,Extrovert
1523,5,Yes,0,2,,4,2,Introvert
1524,10,Yes,2,2,Yes,3,2,Introvert
1525,5,Yes,3,0,Yes,3,0,Introvert
1526,11,Yes,0,2,Yes,3,2,Introvert
1527,3,No,0,0,Yes,2,1,Extrovert
1528,1,No,5,,No,12,3,Extrovert
1529,11,Yes,0,2,Yes,1,2,Introvert
1530,2,No,1,1,Yes,2,1,Extrovert
1531,9,Yes,0,1,Yes,3,2,Introvert
1532,5,Yes,0,0,Yes,1,1,Introvert
1533,6,Yes,1,1,Yes,4,,Introvert
1534,5,Yes,1,0,Yes,2,0,Introvert
1535,3,No,7,5,No,7,9,Extrovert
1536,10,Yes,1,2,Yes,5,1,Introvert
1537,1,No,8,,No,8,,Extrovert
1538,4,No,9,5,No,14,7,Extrovert
1539,8,Yes,0,1,Yes,5,1,Introvert
1540,4,No,9,6,No,13,7,Extrovert
1541,2,No,4,5,No,11,,Extrovert
1542,6,Yes,1,2,Yes,5,1,Introvert
1543,0,No,7,6,No,12,8,Extrovert
1544,11,Yes,1,1,Yes,2,2,Introvert
1545,9,Yes,3,2,Yes,1,2,Introvert
1546,9,Yes,2,1,Yes,5,1,Introvert
1547,2,No,9,3,No,8,5,Extrovert
1548,3,No,8,6,No,11,3,Extrovert
1549,5,Yes,0,1,Yes,4,0,Introvert
1550,5,Yes,3,2,Yes,3,0,Introvert
1551,4,No,9,3,No,5,3,Extrovert
1552,8,Yes,3,2,Yes,3,2,Introvert
1553,7,Yes,8,7,No,14,6,Introvert
1554,2,No,4,4,No,9,3,Extrovert
1555,0,No,8,4,No,6,5,Extrovert
1556,10,Yes,2,0,Yes,5,1,Introvert
1557,4,No,6,3,No,7,7,Extrovert
1558,2,No,,5,No,14,5,Extrovert
1559,9,Yes,0,0,Yes,4,0,Introvert
1560,4,No,5,6,No,9,6,Extrovert
1561,8,Yes,1,1,Yes,2,2,Introvert
1562,3,No,1,2,Yes,1,0,Extrovert
1563,3,No,9,6,No,13,9,Extrovert
1564,3,No,4,6,No,9,8,Extrovert
1565,7,Yes,3,1,Yes,4,2,Introvert
1566,0,No,7,4,No,12,4,Extrovert
1567,10,Yes,3,1,Yes,2,0,Introvert
1568,9,Yes,1,0,Yes,5,2,Introvert
1569,9,Yes,1,1,Yes,3,0,Introvert
1570,1,No,7,4,No,5,5,Extrovert
1571,3,No,9,5,No,6,5,Extrovert
1572,7,Yes,3,2,Yes,5,1,Introvert
1573,0,No,7,6,No,13,7,Extrovert
1574,5,Yes,0,1,Yes,5,2,Introvert
1575,0,No,5,3,No,12,3,Extrovert
1576,6,Yes,2,0,Yes,5,0,Introvert
1577,2,No,4,3,No,6,7,Extrovert
1578,10,Yes,2,1,Yes,1,2,Introvert
1579,4,No,4,3,No,12,7,Extrovert
1580,10,Yes,1,1,Yes,3,0,Introvert
1581,9,Yes,,0,Yes,1,1,Introvert
1582,8,Yes,8,6,No,14,9,Introvert
1583,0,No,8,3,,6,8,Extrovert
1584,3,No,4,4,No,14,4,Extrovert
1585,7,Yes,3,2,Yes,5,2,Introvert
1586,1,No,7,6,No,,8,Extrovert
1587,3,No,6,4,No,7,5,Extrovert
1588,0,No,4,6,No,11,7,Extrovert
1589,1,No,5,5,No,8,8,Extrovert
1590,11,Yes,1,2,Yes,5,2,Introvert
1591,7,Yes,3,1,Yes,3,0,Introvert
1592,3,No,5,6,No,14,3,Extrovert
1593,3,No,5,3,No,12,8,Extrovert
1594,4,No,7,3,No,14,6,Extrovert
1595,10,Yes,1,2,Yes,4,2,Introvert
1596,8,Yes,2,1,Yes,3,2,Introvert
1597,4,No,0,2,Yes,3,0,Extrovert
1598,0,No,7,6,No,13,6,Extrovert
1599,3,No,8,6,No,11,3,Extrovert
1600,3,No,1,0,Yes,2,0,Extrovert
1601,4,No,7,4,No,6,9,Extrovert
1602,6,Yes,2,0,Yes,3,2,Introvert
1603,11,Yes,2,1,Yes,1,0,Introvert
1604,4,No,8,6,,15,7,Extrovert
1605,0,No,9,4,No,10,5,Extrovert
1606,9,Yes,0,2,Yes,1,2,Introvert
1607,6,Yes,2,0,Yes,5,1,Introvert
1608,4,No,5,6,No,10,4,Extrovert
1609,9,Yes,2,2,Yes,3,0,Introvert
1610,10,Yes,2,0,Yes,4,0,Introvert
1611,2,No,5,4,No,9,5,Extrovert
1612,1,No,7,3,No,13,6,Extrovert
1613,2,No,5,4,No,7,6,Extrovert
1614,6,Yes,0,2,Yes,,2,Introvert
1615,0,No,7,3,No,9,4,Extrovert
1616,9,Yes,2,1,Yes,2,0,Introvert
1617,10,Yes,3,1,Yes,1,0,Introvert
1618,2,No,7,4,No,13,5,Extrovert
1619,3,No,,4,No,15,3,Extrovert
1620,3,No,0,0,Yes,2,1,Extrovert
1621,1,No,9,5,No,,5,Extrovert
1622,2,No,7,3,No,6,,Extrovert
1623,10,Yes,3,2,Yes,1,,Introvert
1624,7,Yes,2,2,Yes,3,1,Introvert
1625,6,Yes,2,1,Yes,5,2,Introvert
1626,5,Yes,0,0,Yes,,,Introvert
1627,1,No,7,,No,11,3,Extrovert
1628,6,Yes,3,0,Yes,2,,Introvert
1629,2,No,9,5,No,15,9,Extrovert
1630,3,No,6,4,No,,8,Extrovert
1631,3,No,9,6,No,9,8,Extrovert
1632,3,No,6,,No,15,6,Extrovert
1633,3,No,,6,No,12,8,Extrovert
1634,2,No,9,5,No,10,3,Extrovert
1635,10,Yes,,,Yes,3,1,Introvert
1636,4,No,4,6,No,8,7,Extrovert
1637,7,Yes,1,2,Yes,1,2,Introvert
1638,8,Yes,2,0,Yes,4,2,Introvert
1639,3,No,7,4,No,12,8,Extrovert
1640,11,Yes,0,0,Yes,1,0,Introvert
1641,3,No,0,0,Yes,2,1,Extrovert
1642,3,No,4,5,No,13,6,Extrovert
1643,0,No,7,6,No,12,4,Extrovert
1644,6,Yes,0,,Yes,1,2,Introvert
1645,8,Yes,2,0,Yes,1,1,Introvert
1646,1,No,6,5,No,6,7,Extrovert
1647,8,Yes,0,0,Yes,4,0,Introvert
1648,2,No,7,3,No,9,7,Extrovert
1649,4,No,8,3,No,8,5,Extrovert
1650,1,No,2,1,Yes,1,2,Extrovert
1651,7,Yes,2,1,Yes,4,1,Introvert
1652,7,Yes,2,0,Yes,3,1,Introvert
1653,2,No,8,4,No,12,7,Extrovert
1654,7,Yes,1,0,,5,2,Introvert
1655,7,Yes,2,2,Yes,4,1,Introvert
1656,4,No,2,0,Yes,2,1,Extrovert
1657,4,No,5,5,No,11,3,Extrovert
1658,1,No,9,4,No,10,3,Extrovert
1659,0,No,4,3,No,10,4,Extrovert
1660,10,Yes,3,2,Yes,4,1,Introvert
1661,1,No,4,3,No,5,5,Extrovert
1662,1,No,0,1,Yes,3,2,Extrovert
1663,11,Yes,0,1,Yes,1,1,Introvert
1664,2,No,9,6,No,15,6,Extrovert
1665,2,No,4,4,No,11,7,Extrovert
1666,4,No,4,6,No,14,5,Extrovert
1667,4,No,9,3,No,,7,Extrovert
1668,0,No,4,3,No,12,7,Extrovert
1669,8,Yes,2,2,Yes,1,2,Introvert
1670,8,Yes,3,2,Yes,3,2,Introvert
1671,4,No,9,3,No,5,6,Extrovert
1672,1,No,7,6,No,12,7,Extrovert
1673,1,No,8,6,No,5,7,Extrovert
1674,3,No,7,,No,9,3,Extrovert
1675,4,No,9,5,No,11,3,Extrovert
1676,2,No,7,4,No,6,4,Extrovert
1677,1,No,9,3,No,8,4,Extrovert
1678,4,No,6,5,No,12,6,Extrovert
1679,4,No,4,6,No,14,5,Extrovert
1680,1,No,4,5,No,,9,Extrovert
1681,3,No,4,4,No,6,5,Extrovert
1682,7,Yes,0,1,Yes,2,2,Introvert
1683,5,Yes,0,0,Yes,4,2,Introvert
1684,5,Yes,1,,,5,1,Introvert
1685,4,No,9,5,No,12,4,Extrovert
1686,7,Yes,0,1,Yes,4,,Introvert
1687,10,Yes,0,2,Yes,5,2,Introvert
1688,4,No,8,,No,5,9,Extrovert
1689,7,Yes,0,2,Yes,,1,Introvert
1690,2,No,8,4,No,15,4,Extrovert
1691,5,Yes,2,0,Yes,1,0,Introvert
1692,11,Yes,1,1,Yes,4,1,Introvert
1693,0,No,6,5,No,13,9,Extrovert
1694,10,Yes,3,2,Yes,2,2,Introvert
1695,5,Yes,1,0,Yes,2,0,Introvert
1696,0,No,7,3,No,12,3,Extrovert
1697,4,No,7,5,No,14,6,Extrovert
1698,8,Yes,3,2,Yes,3,2,Introvert
1699,0,No,6,4,No,15,3,Extrovert
1700,11,Yes,1,0,Yes,2,1,Introvert
1701,10,Yes,2,0,Yes,5,1,Introvert
1702,2,No,9,6,No,12,5,Extrovert
1703,0,No,6,3,No,,4,Extrovert
1704,0,No,9,4,No,15,5,Extrovert
1705,4,No,0,2,Yes,4,1,Extrovert
1706,1,No,8,4,No,14,7,Extrovert
1707,1,No,8,3,No,14,6,Extrovert
1708,8,Yes,2,2,Yes,,1,Introvert
1709,1,No,4,,No,15,9,Extrovert
1710,7,Yes,3,0,Yes,5,1,Introvert
1711,10,Yes,0,0,Yes,1,0,Introvert
1712,6,Yes,1,0,Yes,5,2,Introvert
1713,7,Yes,2,2,Yes,2,1,Introvert
1714,0,No,8,5,No,14,3,Extrovert
1715,2,No,9,5,No,9,6,Extrovert
1716,2,No,7,5,No,5,6,Extrovert
1717,7,Yes,3,0,Yes,3,0,Introvert
1718,11,Yes,6,7,No,13,9,Introvert
1719,10,Yes,0,2,Yes,4,1,Introvert
1720,11,Yes,1,0,Yes,2,2,Introvert
1721,4,No,8,6,No,9,3,Extrovert
1722,1,No,0,0,Yes,2,2,Extrovert
1723,0,No,6,3,No,6,5,Extrovert
1724,8,Yes,,2,Yes,4,1,Introvert
1725,4,No,9,5,No,11,6,Extrovert
1726,1,No,4,6,No,8,3,Extrovert
1727,0,No,5,6,No,10,3,Extrovert
1728,4,No,6,4,No,8,8,Extrovert
1729,11,Yes,2,1,Yes,4,1,Introvert
1730,9,Yes,0,1,Yes,3,2,Introvert
1731,9,Yes,0,2,Yes,2,0,Introvert
1732,0,No,8,4,No,15,4,Extrovert
1733,11,Yes,2,2,Yes,4,2,Introvert
1734,8,Yes,2,2,Yes,1,0,Introvert
1735,11,Yes,,0,Yes,1,2,Introvert
1736,6,Yes,1,2,Yes,3,0,Introvert
1737,2,No,9,3,No,11,4,Extrovert
1738,1,No,9,3,No,,5,Extrovert
1739,3,No,9,4,No,,8,Extrovert
1740,9,Yes,3,1,Yes,1,2,Introvert
1741,0,No,9,3,No,7,5,Extrovert
1742,3,No,5,3,No,12,9,Extrovert
1743,9,Yes,2,2,Yes,1,0,Introvert
1744,5,Yes,0,2,,5,0,Introvert
1745,10,Yes,3,0,Yes,4,0,Introvert
1746,1,No,4,6,No,7,4,Extrovert
1747,3,No,4,4,No,8,8,Extrovert
1748,7,Yes,8,6,No,12,8,Introvert
1749,11,Yes,3,0,Yes,5,1,Introvert
1750,0,No,8,5,No,15,8,Extrovert
1751,3,No,5,6,No,5,9,Extrovert
1752,1,No,5,6,No,10,6,Extrovert
1753,2,No,5,4,No,12,9,Extrovert
1754,6,Yes,3,1,Yes,3,2,Introvert
1755,10,Yes,3,1,Yes,3,1,Introvert
1756,3,No,8,5,No,5,3,Extrovert
1757,9,Yes,1,0,Yes,5,0,Introvert
1758,1,No,2,2,Yes,2,2,Extrovert
1759,3,No,4,5,No,11,8,Extrovert
1760,4,No,0,0,Yes,1,2,Extrovert
1761,11,Yes,3,1,Yes,2,1,Introvert
1762,0,No,8,6,No,10,8,Extrovert
1763,9,Yes,3,0,Yes,,2,Introvert
1764,4,No,5,6,No,11,9,Extrovert
1765,3,No,5,4,No,12,4,Extrovert
1766,6,Yes,2,0,Yes,4,0,Introvert
1767,0,No,4,5,No,5,4,Extrovert
1768,1,No,5,4,No,10,8,Extrovert
1769,5,Yes,8,7,No,11,7,Introvert
1770,6,Yes,3,0,Yes,5,2,Introvert
1771,7,Yes,,2,Yes,3,0,Introvert
1772,5,Yes,1,,Yes,3,0,Introvert
1773,9,Yes,0,1,Yes,4,2,Introvert
1774,1,No,4,4,No,11,4,Extrovert
1775,8,Yes,0,2,Yes,1,2,Introvert
1776,10,Yes,2,2,Yes,,0,Introvert
1777,3,No,8,3,No,5,6,Extrovert
1778,10,Yes,0,2,Yes,1,1,Introvert
1779,1,No,2,1,Yes,3,1,Extrovert
1780,5,Yes,0,1,Yes,1,0,Introvert
1781,5,Yes,3,2,Yes,4,0,Introvert
1782,2,No,5,6,No,7,6,Extrovert
1783,3,No,7,5,No,13,7,Extrovert
1784,3,No,8,3,No,8,9,Extrovert
1785,3,No,4,3,No,10,5,Extrovert
1786,0,No,9,3,No,8,7,Extrovert
1787,8,Yes,0,0,Yes,2,0,Introvert
1788,8,Yes,3,2,Yes,4,1,Introvert
1789,3,No,7,4,No,9,6,Extrovert
1790,0,No,9,4,No,5,6,Extrovert
1791,0,No,1,2,Yes,2,2,Extrovert
1792,5,Yes,0,1,Yes,2,0,Introvert
1793,6,Yes,2,0,Yes,2,1,Introvert
1794,1,No,8,4,No,12,4,Extrovert
1795,5,Yes,0,1,Yes,2,,Introvert
1796,1,No,6,5,No,10,,Extrovert
1797,0,No,9,6,No,12,7,Extrovert
1798,6,Yes,0,1,Yes,4,1,Introvert
1799,3,No,4,6,No,11,6,Extrovert
1800,1,No,4,6,No,14,6,Extrovert
1801,9,Yes,1,0,Yes,2,,Introvert
1802,3,No,9,3,No,6,7,Extrovert
1803,0,No,8,3,No,5,9,Extrovert
1804,3,No,7,3,No,15,7,Extrovert
1805,5,Yes,0,2,Yes,4,2,Introvert
1806,1,No,2,2,Yes,2,1,Extrovert
1807,8,Yes,0,0,,3,2,Introvert
1808,10,Yes,0,0,Yes,2,1,Introvert
1809,0,No,8,5,No,11,6,Extrovert
1810,8,Yes,3,1,Yes,1,2,Introvert
1811,7,Yes,3,1,Yes,3,2,Introvert
1812,4,No,7,4,No,13,3,Extrovert
1813,3,No,5,6,No,11,4,Extrovert
1814,2,No,5,3,No,14,5,Extrovert
1815,3,No,,5,No,9,6,Extrovert
1816,11,Yes,2,2,Yes,3,0,Introvert
1817,6,Yes,2,1,Yes,4,0,Introvert
1818,6,Yes,2,0,Yes,2,1,Introvert
1819,2,No,5,3,No,8,6,Extrovert
1820,4,No,6,6,No,10,3,Extrovert
1821,2,No,,5,No,6,9,Extrovert
1822,3,No,8,4,No,9,8,Extrovert
1823,8,Yes,1,1,Yes,2,1,Introvert
1824,0,No,9,3,No,7,8,Extrovert
1825,10,Yes,0,0,Yes,3,0,Introvert
1826,0,No,6,3,No,6,5,Extrovert
1827,9,Yes,3,1,Yes,1,2,Introvert
1828,3,No,6,4,No,,6,Extrovert
1829,9,Yes,0,0,Yes,2,2,Introvert
1830,11,Yes,2,1,Yes,2,1,Introvert
1831,10,Yes,3,2,Yes,5,2,Introvert
1832,4,No,5,3,No,15,5,Extrovert
1833,4,No,5,4,No,11,,Extrovert
1834,5,Yes,3,1,Yes,4,2,Introvert
1835,9,Yes,0,2,Yes,1,2,Introvert
1836,2,No,5,4,No,10,6,Extrovert
1837,8,Yes,0,1,,,0,Introvert
1838,0,No,7,4,No,15,7,Extrovert
1839,3,No,5,6,No,12,,Extrovert
1840,11,Yes,8,6,No,10,9,Introvert
1841,9,Yes,0,2,Yes,4,0,Introvert
1842,1,No,5,6,No,13,8,Extrovert
1843,10,Yes,2,2,Yes,2,2,Introvert
1844,7,Yes,3,0,Yes,5,2,Introvert
1845,2,No,6,6,,8,7,Extrovert
1846,3,No,6,5,No,,9,Extrovert
1847,0,No,5,4,No,5,4,Extrovert
1848,3,No,7,3,No,8,7,Extrovert
1849,6,Yes,1,0,Yes,2,0,Introvert
1850,7,Yes,1,0,Yes,4,2,Introvert
1851,3,No,6,5,No,13,3,Extrovert
1852,1,No,5,3,No,5,8,Extrovert
1853,6,Yes,3,,Yes,1,0,Introvert
1854,2,No,8,6,No,15,5,Extrovert
1855,5,Yes,2,1,Yes,,2,Introvert
1856,0,No,7,5,No,11,9,Extrovert
1857,11,Yes,3,0,Yes,5,1,Introvert
1858,5,Yes,2,1,Yes,4,2,Introvert
1859,10,Yes,3,0,Yes,5,0,Introvert
1860,11,Yes,7,7,No,14,8,Introvert
1861,9,Yes,9,5,No,14,7,Introvert
1862,1,No,6,5,No,12,5,Extrovert
1863,2,No,8,6,,6,7,Extrovert
1864,2,No,5,6,No,7,4,Extrovert
1865,4,No,4,5,No,9,6,Extrovert
1866,10,Yes,0,0,Yes,5,,Introvert
1867,11,Yes,0,0,Yes,1,1,Introvert
1868,0,No,8,3,No,14,9,Extrovert
1869,9,Yes,1,0,Yes,5,2,Introvert
1870,2,No,6,4,No,8,6,Extrovert
1871,9,Yes,1,2,Yes,4,2,Introvert
1872,2,No,8,3,No,11,4,Extrovert
1873,5,Yes,1,1,Yes,5,0,Introvert
1874,0,No,6,5,No,13,8,Extrovert
1875,0,No,6,5,No,10,6,Extrovert
1876,3,No,9,3,No,10,,Extrovert
1877,5,Yes,0,2,Yes,2,1,Introvert
1878,0,No,6,4,No,13,3,Extrovert
1879,2,No,5,4,No,13,3,Extrovert
1880,3,No,7,5,No,13,5,Extrovert
1881,3,No,8,4,No,5,3,Extrovert
1882,3,No,4,5,No,8,3,Extrovert
1883,7,Yes,2,1,Yes,3,1,Introvert
1884,0,No,1,1,Yes,3,0,Extrovert
1885,2,No,0,1,Yes,4,0,Extrovert
1886,3,No,2,2,Yes,3,1,Extrovert
1887,8,Yes,0,2,Yes,1,2,Introvert
1888,10,Yes,2,0,Yes,1,2,Introvert
1889,4,No,7,6,No,,4,Extrovert
1890,0,No,0,2,Yes,3,1,Extrovert
1891,8,Yes,1,1,Yes,1,1,Introvert
1892,2,No,8,5,No,8,5,Extrovert
1893,6,Yes,6,7,No,9,5,Introvert
1894,8,Yes,3,2,Yes,5,0,Introvert
1895,10,Yes,2,1,Yes,5,1,Introvert
1896,8,Yes,2,2,,3,1,Introvert
1897,4,No,7,5,No,8,6,Extrovert
1898,5,Yes,9,6,No,9,9,Introvert
1899,3,No,9,6,No,11,5,Extrovert
1900,3,No,6,5,No,6,6,Extrovert
1901,3,No,7,3,No,5,6,Extrovert
1902,0,No,,5,No,9,5,Extrovert
1903,11,Yes,0,1,Yes,1,0,Introvert
1904,0,No,7,4,No,9,8,Extrovert
1905,1,No,6,3,No,6,3,Extrovert
1906,7,Yes,1,0,Yes,,1,Introvert
1907,3,No,7,3,No,8,8,Extrovert
1908,2,No,9,5,No,7,8,Extrovert
1909,4,No,7,3,No,12,4,Extrovert
1910,3,No,5,3,No,13,4,Extrovert
1911,0,No,8,4,No,5,4,Extrovert
1912,7,Yes,1,0,Yes,4,1,Introvert
1913,1,No,8,4,No,14,6,Extrovert
1914,0,No,4,5,No,5,6,Extrovert
1915,7,Yes,2,2,Yes,2,1,Introvert
1916,8,Yes,2,1,Yes,4,1,Introvert
1917,9,Yes,7,5,No,14,7,Introvert
1918,2,No,2,0,Yes,1,1,Extrovert
1919,3,No,4,4,No,8,6,Extrovert
1920,11,Yes,3,2,Yes,2,1,Introvert
1921,4,No,,4,No,7,8,Extrovert
1922,6,Yes,2,1,Yes,1,0,Introvert
1923,3,No,9,3,No,15,6,Extrovert
1924,1,No,0,2,Yes,4,1,Extrovert
1925,0,No,5,3,No,14,7,Extrovert
1926,10,Yes,2,1,Yes,3,0,Introvert
1927,10,Yes,3,1,Yes,4,1,Introvert
1928,6,Yes,0,0,Yes,4,0,Introvert
1929,10,Yes,0,2,Yes,1,0,Introvert
1930,3,No,6,3,No,14,6,Extrovert
1931,3,No,8,4,No,14,8,Extrovert
1932,4,No,9,3,No,14,4,Extrovert
1933,3,No,9,4,No,7,6,Extrovert
1934,3,No,8,5,No,13,6,Extrovert
1935,1,No,7,3,No,15,3,Extrovert
1936,1,No,5,5,No,12,6,Extrovert
1937,3,No,6,3,No,13,4,Extrovert
1938,5,Yes,3,0,Yes,1,0,Introvert
1939,9,Yes,2,2,Yes,1,0,Introvert
1940,10,Yes,0,2,Yes,2,2,Introvert
1941,2,No,0,0,Yes,4,0,Extrovert
1942,1,No,5,4,No,11,4,Extrovert
1943,5,Yes,1,2,Yes,3,2,Introvert
1944,1,No,8,6,No,7,4,Extrovert
1945,1,No,4,5,No,12,5,Extrovert
1946,10,Yes,3,,Yes,2,0,Introvert
1947,8,Yes,0,1,Yes,3,0,Introvert
1948,3,No,4,6,No,5,8,Extrovert
1949,1,No,4,4,No,12,5,Extrovert
1950,4,No,5,3,No,14,5,Extrovert
1951,4,No,7,4,No,14,6,Extrovert
1952,4,No,2,0,Yes,3,2,Extrovert
1953,4,No,5,4,No,10,5,Extrovert
1954,1,No,4,3,No,8,8,Extrovert
1955,1,No,8,5,No,10,,Extrovert
1956,6,Yes,2,0,Yes,3,1,Introvert
1957,8,Yes,1,0,Yes,1,1,Introvert
1958,6,Yes,0,0,Yes,5,0,Introvert
1959,2,No,7,3,No,6,9,Extrovert
1960,2,No,8,5,No,8,5,Extrovert
1961,0,No,7,3,No,,6,Extrovert
1962,5,Yes,3,2,Yes,2,2,Introvert
1963,7,Yes,0,0,Yes,2,0,Introvert
1964,11,Yes,2,1,Yes,5,1,Introvert
1965,10,Yes,0,1,Yes,2,2,Introvert
1966,1,No,4,3,No,9,7,Extrovert
1967,9,Yes,7,7,No,12,5,Introvert
1968,8,Yes,1,0,Yes,5,1,Introvert
1969,1,No,4,6,No,11,5,Extrovert
1970,7,Yes,0,2,Yes,1,0,Introvert
1971,3,No,8,5,No,8,9,Extrovert
1972,1,No,8,3,No,11,7,Extrovert
1973,10,Yes,0,1,Yes,4,1,Introvert
1974,2,No,9,4,No,5,8,Extrovert
1975,1,No,9,5,No,14,5,Extrovert
1976,4,No,2,2,Yes,4,1,Extrovert
1977,6,Yes,0,1,Yes,4,2,Introvert
1978,1,No,9,5,No,7,8,Extrovert
1979,2,No,9,6,No,12,5,Extrovert
1980,5,Yes,0,2,Yes,1,1,Introvert
1981,10,Yes,2,2,Yes,2,2,Introvert
1982,1,No,4,3,No,6,4,Extrovert
1983,3,No,8,4,No,5,4,Extrovert
1984,6,Yes,3,2,Yes,5,0,Introvert
1985,0,No,8,3,No,11,4,Extrovert
1986,7,Yes,2,0,Yes,5,1,Introvert
1987,8,Yes,2,2,Yes,2,0,Introvert
1988,9,Yes,0,0,Yes,1,1,Introvert
1989,7,Yes,2,0,Yes,3,0,Introvert
1990,10,Yes,2,0,Yes,5,2,Introvert
1991,10,Yes,1,0,Yes,4,0,Introvert
1992,0,No,4,3,No,13,,Extrovert
1993,8,Yes,0,2,Yes,4,2,Introvert
1994,8,Yes,0,2,Yes,5,2,Introvert
1995,0,No,5,3,No,7,5,Extrovert
1996,0,No,9,4,No,13,4,Extrovert
1997,3,No,5,6,No,12,8,Extrovert
1998,9,Yes,3,2,Yes,,2,Introvert
1999,11,Yes,,0,Yes,1,0,Introvert
2000,8,Yes,1,0,Yes,5,1,Introvert
2001,11,Yes,3,0,Yes,3,1,Introvert
2002,8,Yes,2,2,Yes,3,1,Introvert
2003,8,Yes,3,2,Yes,4,2,Introvert
2004,6,Yes,3,2,Yes,,2,Introvert
2005,9,Yes,3,,Yes,3,1,Introvert
2006,10,Yes,3,0,Yes,1,2,Introvert
2007,11,Yes,1,0,Yes,1,0,Introvert
2008,8,Yes,1,0,Yes,5,1,Introvert
2009,2,No,0,0,Yes,1,2,Extrovert
2010,2,No,6,6,No,15,9,Extrovert
2011,9,Yes,7,7,No,11,6,Introvert
2012,4,No,5,,No,11,9,Extrovert
2013,3,No,8,6,No,14,6,Extrovert
2014,11,Yes,0,0,Yes,2,1,Introvert
2015,2,No,8,5,No,10,5,Extrovert
2016,1,No,0,0,Yes,3,0,Extrovert
2017,11,Yes,3,,Yes,4,2,Introvert
2018,9,Yes,3,0,Yes,2,1,Introvert
2019,3,No,7,5,No,14,9,Extrovert
2020,2,No,2,1,Yes,1,1,Extrovert
2021,5,Yes,0,2,Yes,3,1,Introvert
2022,10,Yes,1,0,Yes,1,1,Introvert
2023,10,Yes,3,0,Yes,,1,Introvert
2024,1,No,6,6,No,11,8,Extrovert
2025,0,No,8,5,No,8,9,Extrovert
2026,7,Yes,1,1,Yes,5,0,Introvert
2027,10,Yes,3,0,Yes,5,2,Introvert
2028,2,No,9,3,No,9,5,Extrovert
2029,11,Yes,0,1,Yes,2,1,Introvert
2030,5,Yes,3,,Yes,3,2,Introvert
2031,0,No,8,4,No,6,4,Extrovert
2032,3,No,6,3,No,10,7,Extrovert
2033,3,No,9,6,No,15,6,Extrovert
2034,2,No,6,,No,15,,Extrovert
2035,5,Yes,8,6,No,11,5,Introvert
2036,5,Yes,2,0,Yes,5,0,Introvert
2037,2,No,7,5,No,15,7,Extrovert
2038,10,Yes,1,2,Yes,4,0,Introvert
2039,11,Yes,1,1,Yes,2,0,Introvert
2040,5,Yes,3,2,Yes,3,1,Introvert
2041,11,Yes,2,0,Yes,5,0,Introvert
2042,6,Yes,2,0,Yes,4,0,Introvert
2043,10,Yes,2,2,Yes,3,1,Introvert
2044,8,Yes,0,2,Yes,1,2,Introvert
2045,6,Yes,8,5,No,13,7,Introvert
2046,0,No,8,5,No,15,7,Extrovert
2047,0,No,2,2,Yes,1,2,Extrovert
2048,3,No,4,4,No,8,8,Extrovert
2049,4,No,9,5,No,15,7,Extrovert
2050,1,No,6,5,No,10,4,Extrovert
2051,5,Yes,2,2,Yes,5,0,Introvert
2052,0,No,4,5,No,13,3,Extrovert
2053,2,No,5,4,No,7,3,Extrovert
2054,2,No,7,3,No,12,6,Extrovert
2055,7,Yes,1,1,Yes,1,0,Introvert
2056,9,Yes,1,1,Yes,4,1,Introvert
2057,9,Yes,0,2,Yes,3,2,Introvert
2058,9,Yes,3,1,Yes,4,1,Introvert
2059,4,No,6,6,No,12,4,Extrovert
2060,2,No,8,3,No,6,7,Extrovert
2061,10,Yes,1,1,Yes,4,1,Introvert
2062,1,No,6,6,No,12,5,Extrovert
2063,0,No,7,6,No,12,4,Extrovert
2064,7,Yes,0,,Yes,3,2,Introvert
2065,6,Yes,0,2,Yes,3,0,Introvert
2066,11,Yes,3,2,Yes,1,2,Introvert
2067,11,Yes,3,0,Yes,2,0,Introvert
2068,5,Yes,,2,,1,2,Introvert
2069,6,Yes,0,1,Yes,4,2,Introvert
2070,5,Yes,2,0,Yes,1,1,Introvert
2071,8,Yes,0,2,Yes,3,1,Introvert
2072,1,No,7,4,No,6,5,Extrovert
2073,5,Yes,1,1,Yes,2,2,Introvert
2074,0,No,1,1,Yes,1,2,Extrovert
2075,8,Yes,3,,Yes,3,1,Introvert
2076,3,No,8,4,No,12,6,Extrovert
2077,10,Yes,2,0,Yes,4,,Introvert
2078,5,Yes,3,0,Yes,2,1,Introvert
2079,3,No,5,6,No,10,9,Extrovert
2080,4,No,9,4,No,11,5,Extrovert
2081,3,No,9,6,No,9,8,Extrovert
2082,8,Yes,3,1,Yes,3,1,Introvert
2083,6,Yes,0,0,Yes,2,0,Introvert
2084,0,No,5,3,No,12,4,Extrovert
2085,1,No,9,3,No,13,4,Extrovert
2086,2,No,2,2,Yes,4,0,Extrovert
2087,4,No,8,3,No,13,6,Extrovert
2088,9,Yes,2,,Yes,2,0,Introvert
2089,4,No,4,5,No,10,5,Extrovert
2090,11,Yes,2,0,Yes,3,1,Introvert
2091,6,Yes,7,6,No,8,5,Introvert
2092,8,Yes,3,1,Yes,5,0,Introvert
2093,4,No,4,3,No,10,5,Extrovert
2094,9,Yes,0,1,Yes,4,2,Introvert
2095,9,Yes,6,5,No,11,5,Introvert
2096,1,No,9,6,No,9,8,Extrovert
2097,7,Yes,3,2,Yes,5,1,Introvert
2098,0,No,9,6,No,10,9,Extrovert
2099,7,Yes,1,0,Yes,3,1,Introvert
2100,2,No,6,6,No,5,5,Extrovert
2101,2,No,,5,No,9,8,Extrovert
2102,11,Yes,0,2,Yes,1,2,Introvert
2103,5,Yes,0,1,Yes,4,2,Introvert
2104,10,Yes,1,0,Yes,5,2,Introvert
2105,7,Yes,1,0,Yes,4,0,Introvert
2106,2,No,9,6,No,5,3,Extrovert
2107,9,Yes,7,6,No,14,7,Introvert
2108,2,No,8,,No,12,5,Extrovert
2109,6,Yes,2,2,Yes,5,2,Introvert
2110,4,No,4,6,No,13,7,Extrovert
2111,3,No,1,2,Yes,3,0,Extrovert
2112,0,No,9,5,No,6,7,Extrovert
2113,2,No,9,4,No,15,,Extrovert
2114,10,Yes,0,2,Yes,1,2,Introvert
2115,5,Yes,2,0,Yes,4,1,Introvert
2116,3,No,8,5,No,,8,Extrovert
2117,3,No,4,6,No,13,8,Extrovert
2118,2,No,4,6,No,7,5,Extrovert
2119,7,Yes,3,0,Yes,4,0,Introvert
2120,2,No,9,3,No,13,5,Extrovert
2121,1,No,7,3,No,15,4,Extrovert
2122,11,Yes,2,2,Yes,3,2,Introvert
2123,9,Yes,0,1,Yes,5,0,Introvert
2124,3,No,2,1,Yes,3,0,Extrovert
2125,0,No,8,6,No,7,8,Extrovert
2126,0,No,2,0,Yes,2,1,Extrovert
2127,10,Yes,3,0,Yes,5,2,Introvert
2128,3,No,0,1,Yes,1,1,Extrovert
2129,9,Yes,2,1,Yes,4,1,Introvert
2130,11,Yes,2,0,Yes,3,1,Introvert
2131,6,Yes,0,2,Yes,,1,Introvert
2132,0,No,7,4,No,5,3,Extrovert
2133,0,No,1,0,Yes,4,1,Extrovert
2134,0,No,6,4,No,12,5,Extrovert
2135,9,Yes,0,1,Yes,2,0,Introvert
2136,3,No,7,6,No,12,4,Extrovert
2137,11,Yes,1,2,Yes,1,2,Introvert
2138,2,No,7,,No,12,9,Extrovert
2139,9,Yes,0,0,Yes,2,2,Introvert
2140,6,Yes,3,1,Yes,2,0,Introvert
2141,8,Yes,3,1,Yes,3,2,Introvert
2142,6,Yes,0,2,Yes,2,2,Introvert
2143,0,No,4,5,No,7,6,Extrovert
2144,3,No,8,6,No,14,9,Extrovert
2145,5,Yes,2,2,Yes,2,2,Introvert
2146,3,No,4,4,No,13,4,Extrovert
2147,9,Yes,2,1,Yes,5,0,Introvert
2148,2,No,4,6,No,10,7,Extrovert
2149,4,No,8,3,No,8,8,Extrovert
2150,3,No,0,2,Yes,2,0,Extrovert
2151,6,Yes,0,0,Yes,1,1,Introvert
2152,0,No,9,3,No,15,,Extrovert
2153,1,No,7,5,No,6,7,Extrovert
2154,7,Yes,2,1,Yes,,1,Introvert
2155,6,Yes,0,0,Yes,3,0,Introvert
2156,4,No,8,4,No,,9,Extrovert
2157,1,No,6,3,No,,7,Extrovert
2158,0,No,4,5,No,6,3,Extrovert
2159,2,No,7,5,No,15,6,Extrovert
2160,4,No,7,5,No,14,7,Extrovert
2161,11,Yes,3,2,Yes,5,0,Introvert
2162,11,Yes,3,1,Yes,1,2,Introvert
2163,6,Yes,1,,Yes,2,2,Introvert
2164,1,No,7,3,No,,9,Extrovert
2165,10,Yes,3,0,Yes,1,0,Introvert
2166,4,No,5,4,No,14,7,Extrovert
2167,3,No,4,4,No,10,5,Extrovert
2168,0,No,9,5,No,5,3,Extrovert
2169,6,Yes,1,0,,1,1,Introvert
2170,3,No,9,3,No,10,,Extrovert
2171,11,Yes,1,2,Yes,5,2,Introvert
2172,0,No,8,5,No,5,9,Extrovert
2173,5,Yes,8,5,No,8,6,Introvert
2174,7,Yes,1,1,Yes,1,2,Introvert
2175,4,No,5,4,No,9,4,Extrovert
2176,9,Yes,1,1,Yes,3,1,Introvert
2177,11,Yes,3,0,Yes,1,1,Introvert
2178,3,No,8,5,No,,9,Extrovert
2179,1,No,6,5,No,7,3,Extrovert
2180,0,No,6,6,No,8,5,Extrovert
2181,3,No,5,6,No,12,7,Extrovert
2182,0,No,4,5,No,15,4,Extrovert
2183,7,Yes,2,0,Yes,2,1,Introvert
2184,5,Yes,3,2,Yes,4,2,Introvert
2185,10,Yes,3,1,Yes,4,0,Introvert
2186,4,No,2,2,Yes,1,2,Extrovert
2187,2,No,9,6,No,12,9,Extrovert
2188,5,Yes,,0,Yes,5,1,Introvert
2189,8,Yes,2,2,Yes,2,0,Introvert
2190,3,No,6,4,No,14,8,Extrovert
2191,9,Yes,1,0,Yes,5,0,Introvert
2192,2,No,7,4,No,15,8,Extrovert
2193,4,No,,4,No,10,4,Extrovert
2194,4,No,9,6,No,8,7,Extrovert
2195,7,Yes,1,1,Yes,2,2,Introvert
2196,4,No,5,6,No,13,7,Extrovert
2197,3,No,7,4,No,12,5,Extrovert
2198,2,No,6,,No,15,5,Extrovert
2199,1,No,7,5,No,8,3,Extrovert
2200,3,No,6,3,No,10,8,Extrovert
2201,3,No,9,3,No,8,,Extrovert
2202,5,Yes,2,2,Yes,5,2,Introvert
2203,0,No,6,3,No,11,8,Extrovert
2204,1,No,5,3,No,15,3,Extrovert
2205,6,Yes,2,1,Yes,3,0,Introvert
2206,4,No,8,5,No,8,9,Extrovert
2207,3,No,4,6,No,6,7,Extrovert
2208,4,No,4,4,No,14,3,Extrovert
2209,8,Yes,7,5,No,14,8,Introvert
2210,7,Yes,2,1,Yes,2,2,Introvert
2211,4,No,6,3,No,9,8,Extrovert
2212,0,No,4,6,No,6,6,Extrovert
2213,5,Yes,1,1,Yes,3,2,Introvert
2214,3,No,4,5,No,6,,Extrovert
2215,0,No,6,4,No,10,3,Extrovert
2216,1,No,6,5,,14,6,Extrovert
2217,2,No,8,6,No,11,8,Extrovert
2218,5,Yes,1,2,Yes,3,,Introvert
2219,7,Yes,2,2,Yes,4,0,Introvert
2220,11,Yes,2,0,Yes,5,0,Introvert
2221,2,No,7,3,No,12,7,Extrovert
2222,8,Yes,3,1,Yes,5,2,Introvert
2223,11,Yes,0,1,Yes,2,2,Introvert
2224,11,Yes,3,0,Yes,5,,Introvert
2225,2,No,7,5,No,8,,Extrovert
2226,0,No,5,3,No,9,5,Extrovert
2227,7,Yes,3,0,Yes,4,0,Introvert
2228,5,Yes,2,1,Yes,2,0,Introvert
2229,0,No,7,4,No,7,9,Extrovert
2230,11,Yes,0,2,Yes,5,1,Introvert
2231,11,Yes,3,2,,4,0,Introvert
2232,9,Yes,2,2,Yes,4,2,Introvert
2233,5,Yes,0,0,Yes,4,1,Introvert
2234,7,Yes,0,2,Yes,3,0,Introvert
2235,2,No,5,,No,6,7,Extrovert
2236,9,Yes,0,1,Yes,4,2,Introvert
2237,3,No,9,5,No,7,3,Extrovert
2238,7,Yes,,2,Yes,3,2,Introvert
2239,2,No,5,5,No,,4,Extrovert
2240,2,No,5,6,No,12,3,Extrovert
2241,11,Yes,3,1,Yes,5,2,Introvert
2242,2,No,4,5,No,11,7,Extrovert
2243,8,Yes,2,1,Yes,2,2,Introvert
2244,1,No,2,0,Yes,4,1,Extrovert
2245,10,Yes,0,,Yes,2,1,Introvert
2246,11,Yes,3,2,Yes,2,2,Introvert
2247,8,Yes,1,2,Yes,3,0,Introvert
2248,2,No,2,0,Yes,1,0,Extrovert
2249,4,No,9,4,No,5,4,Extrovert
2250,3,No,9,4,No,8,8,Extrovert
2251,11,Yes,0,0,Yes,2,1,Introvert
2252,1,No,4,3,No,12,3,Extrovert
2253,10,Yes,1,2,,5,1,Introvert
2254,4,No,8,4,No,13,6,Extrovert
2255,11,Yes,2,2,Yes,1,1,Introvert
2256,8,Yes,1,0,,2,0,Introvert
2257,5,Yes,1,0,Yes,2,0,Introvert
2258,4,No,7,5,No,6,3,Extrovert
2259,2,No,7,6,No,12,8,Extrovert
2260,10,Yes,,2,Yes,1,1,Introvert
2261,4,No,8,5,No,9,6,Extrovert
2262,10,Yes,0,2,Yes,5,1,Introvert
2263,0,No,9,3,No,6,8,Extrovert
2264,6,Yes,3,1,Yes,4,1,Introvert
2265,10,Yes,1,0,Yes,4,1,Introvert
2266,4,No,8,6,No,12,3,Extrovert
2267,7,Yes,0,0,Yes,4,1,Introvert
2268,8,Yes,2,2,Yes,5,2,Introvert
2269,1,No,6,3,No,8,7,Extrovert
2270,0,No,6,4,No,11,9,Extrovert
2271,9,Yes,1,0,Yes,5,2,Introvert
2272,8,Yes,,2,Yes,,0,Introvert
2273,0,No,9,5,No,6,7,Extrovert
2274,9,Yes,2,2,Yes,,1,Introvert
2275,5,Yes,2,0,Yes,5,2,Introvert
2276,5,Yes,0,,Yes,5,2,Introvert
2277,2,No,2,0,Yes,2,1,Extrovert
2278,3,No,4,5,No,10,4,Extrovert
2279,11,Yes,0,2,Yes,1,2,Introvert
2280,7,Yes,3,2,Yes,3,2,Introvert
2281,7,Yes,,2,Yes,5,1,Introvert
2282,2,No,6,6,No,7,3,Extrovert
2283,11,Yes,,0,Yes,1,0,Introvert
2284,11,Yes,0,1,Yes,5,2,Introvert
2285,3,No,6,6,No,7,7,Extrovert
2286,8,Yes,3,0,Yes,4,0,Introvert
2287,2,No,7,5,No,10,5,Extrovert
2288,5,Yes,2,0,Yes,3,0,Introvert
2289,8,Yes,3,0,Yes,4,2,Introvert
2290,11,Yes,0,1,Yes,3,2,Introvert
2291,2,No,0,0,Yes,3,1,Extrovert
2292,1,No,6,4,No,11,5,Extrovert
2293,3,No,7,3,No,8,5,Extrovert
2294,10,Yes,9,5,No,14,9,Introvert
2295,1,No,9,5,No,14,4,Extrovert
2296,10,Yes,2,1,Yes,2,2,Introvert
2297,11,Yes,3,1,Yes,4,1,Introvert
2298,1,No,5,6,No,5,5,Extrovert
2299,11,Yes,3,2,Yes,4,1,Introvert
2300,5,Yes,3,2,,3,2,Introvert
2301,9,Yes,3,0,Yes,4,1,Introvert
2302,11,Yes,1,2,Yes,3,0,Introvert
2303,11,Yes,9,5,No,8,7,Introvert
2304,0,No,8,4,No,10,3,Extrovert
2305,6,Yes,,2,Yes,1,2,Introvert
2306,4,No,5,5,No,10,3,Extrovert
2307,3,No,8,,No,6,6,Extrovert
2308,10,Yes,2,0,Yes,2,0,Introvert
2309,7,Yes,0,2,Yes,1,1,Introvert
2310,10,Yes,2,1,Yes,4,0,Introvert
2311,4,No,9,4,No,8,7,Extrovert
2312,7,Yes,2,1,Yes,1,2,Introvert
2313,4,No,5,5,No,9,8,Extrovert
2314,5,Yes,1,1,Yes,1,1,Introvert
2315,4,No,9,3,No,6,3,Extrovert
2316,6,Yes,1,1,Yes,1,2,Introvert
2317,11,Yes,0,1,Yes,3,0,Introvert
2318,3,No,7,3,No,6,6,Extrovert
2319,3,No,7,5,,10,4,Extrovert
2320,9,Yes,0,2,Yes,2,0,Introvert
2321,2,No,6,,No,12,5,Extrovert
2322,4,No,5,6,No,15,5,Extrovert
2323,3,No,2,2,Yes,1,2,Extrovert
2324,1,No,8,6,No,7,9,Extrovert
2325,6,Yes,2,2,Yes,4,0,Introvert
2326,6,Yes,2,1,,2,2,Introvert
2327,7,Yes,3,1,Yes,3,1,Introvert
2328,2,No,7,4,No,8,4,Extrovert
2329,3,No,8,5,No,11,7,Extrovert
2330,7,Yes,2,1,Yes,2,2,Introvert
2331,11,Yes,0,1,Yes,4,1,Introvert
2332,0,No,8,4,No,9,8,Extrovert
2333,2,No,5,3,No,14,7,Extrovert
2334,2,No,0,0,Yes,1,0,Extrovert
2335,9,Yes,1,0,Yes,,2,Introvert
2336,11,Yes,0,,Yes,5,2,Introvert
2337,9,Yes,3,2,Yes,5,1,Introvert
2338,1,No,6,5,No,15,4,Extrovert
2339,5,Yes,1,0,Yes,2,0,Introvert
2340,2,No,6,5,No,14,5,Extrovert
2341,6,Yes,2,1,Yes,4,0,Introvert
2342,2,No,8,6,No,10,4,Extrovert
2343,4,No,9,4,No,13,9,Extrovert
2344,4,No,8,5,No,15,9,Extrovert
2345,11,Yes,2,2,Yes,1,0,Introvert
2346,7,Yes,0,1,Yes,5,2,Introvert
2347,8,Yes,1,0,Yes,3,1,Introvert
2348,2,No,5,5,No,11,7,Extrovert
2349,1,No,2,0,Yes,2,0,Extrovert
2350,4,No,6,4,No,10,7,Extrovert
2351,3,No,6,5,No,12,9,Extrovert
2352,2,No,7,,No,8,5,Extrovert
2353,9,Yes,2,0,Yes,5,2,Introvert
2354,3,No,4,6,No,9,3,Extrovert
2355,10,Yes,2,2,Yes,2,0,Introvert
2356,7,Yes,3,0,Yes,5,0,Introvert
2357,4,No,6,6,No,12,3,Extrovert
2358,8,Yes,1,0,Yes,1,1,Introvert
2359,5,Yes,3,1,Yes,1,0,Introvert
2360,2,No,6,4,No,9,5,Extrovert
2361,11,Yes,1,1,Yes,5,2,Introvert
2362,2,No,7,4,No,15,6,Extrovert
2363,9,Yes,0,2,Yes,3,2,Introvert
2364,9,Yes,3,0,Yes,4,1,Introvert
2365,5,Yes,1,2,Yes,2,1,Introvert
2366,6,Yes,3,2,Yes,5,0,Introvert
2367,2,No,4,6,No,10,4,Extrovert
2368,5,Yes,8,7,No,9,5,Introvert
2369,1,No,5,5,No,6,9,Extrovert
2370,0,No,6,5,No,7,9,Extrovert
2371,3,No,1,2,Yes,1,2,Extrovert
2372,1,No,4,3,No,7,5,Extrovert
2373,3,No,9,5,No,12,8,Extrovert
2374,6,Yes,6,7,No,11,6,Introvert
2375,9,Yes,,2,Yes,,0,Introvert
2376,11,Yes,0,0,,2,2,Introvert
2377,0,No,6,6,No,,7,Extrovert
2378,10,Yes,2,1,Yes,4,2,Introvert
2379,0,No,8,4,No,12,6,Extrovert
2380,1,No,9,3,No,14,7,Extrovert
2381,11,Yes,8,5,No,10,5,Introvert
2382,3,No,6,5,No,15,4,Extrovert
2383,9,Yes,2,0,Yes,5,0,Introvert
2384,6,Yes,2,2,Yes,5,1,Introvert
2385,3,No,6,5,No,12,5,Extrovert
2386,1,No,5,6,No,8,5,Extrovert
2387,4,No,6,3,No,9,7,Extrovert
2388,9,Yes,2,0,Yes,2,0,Introvert
2389,5,Yes,0,2,Yes,4,0,Introvert
2390,2,No,2,2,Yes,3,0,Extrovert
2391,2,No,5,3,No,14,4,Extrovert
2392,0,No,9,5,No,13,7,Extrovert
2393,9,Yes,7,7,No,9,5,Introvert
2394,1,No,6,5,No,9,5,Extrovert
2395,5,Yes,3,2,,2,0,Introvert
2396,9,Yes,0,0,,3,1,Introvert
2397,4,No,7,3,No,5,6,Extrovert
2398,6,Yes,2,1,Yes,1,1,Introvert
2399,2,No,6,5,No,7,3,Extrovert
2400,10,Yes,1,,Yes,1,0,Introvert
2401,6,Yes,2,0,Yes,2,2,Introvert
2402,2,No,5,3,No,10,7,Extrovert
2403,1,No,9,6,No,13,5,Extrovert
2404,2,No,5,4,No,13,6,Extrovert
2405,3,No,7,6,,8,7,Extrovert
2406,2,No,7,5,No,12,3,Extrovert
2407,0,No,4,4,No,8,3,Extrovert
2408,1,No,6,3,No,8,7,Extrovert
2409,9,Yes,0,2,Yes,2,2,Introvert
2410,0,No,8,3,No,8,4,Extrovert
2411,6,Yes,1,0,Yes,1,2,Introvert
2412,2,No,9,6,No,13,8,Extrovert
2413,0,No,6,5,No,9,7,Extrovert
2414,10,Yes,7,5,No,12,6,Introvert
2415,4,No,7,6,No,13,6,Extrovert
2416,1,No,1,2,Yes,1,2,Extrovert
2417,5,Yes,2,2,Yes,5,2,Introvert
2418,1,No,9,4,No,,7,Extrovert
2419,3,No,4,5,No,,6,Extrovert
2420,5,Yes,2,0,Yes,5,1,Introvert
2421,3,No,8,4,No,11,6,Extrovert
2422,6,Yes,2,1,Yes,3,1,Introvert
2423,2,No,5,5,No,10,6,Extrovert
2424,3,No,8,5,No,10,5,Extrovert
2425,1,No,6,4,No,12,3,Extrovert
2426,3,No,4,6,No,11,5,Extrovert
2427,1,No,9,3,No,7,8,Extrovert
2428,1,No,9,5,No,5,3,Extrovert
2429,11,Yes,2,1,Yes,3,1,Introvert
2430,0,No,7,5,No,14,3,Extrovert
2431,9,Yes,,0,Yes,,,Introvert
2432,2,No,7,3,No,10,,Extrovert
2433,7,Yes,1,0,Yes,1,2,Introvert
2434,11,Yes,1,2,Yes,2,2,Introvert
2435,11,Yes,1,1,Yes,,2,Introvert
2436,3,No,9,3,No,7,4,Extrovert
2437,5,Yes,0,1,Yes,3,2,Introvert
2438,1,No,9,5,No,11,3,Extrovert
2439,10,Yes,0,0,Yes,4,2,Introvert
2440,7,Yes,2,1,Yes,5,2,Introvert
2441,4,No,4,5,No,10,9,Extrovert
2442,0,No,4,5,No,15,4,Extrovert
2443,6,Yes,0,1,Yes,4,0,Introvert
2444,4,No,6,5,No,5,5,Extrovert
2445,0,No,8,6,No,7,6,Extrovert
2446,4,No,,5,No,8,8,Extrovert
2447,7,Yes,3,0,Yes,,2,Introvert
2448,7,Yes,9,6,No,10,6,Introvert
2449,0,No,9,4,No,10,5,Extrovert
2450,10,Yes,1,2,Yes,3,1,Introvert
2451,1,No,8,3,No,6,7,Extrovert
2452,4,No,9,6,No,5,7,Extrovert
2453,1,No,5,4,No,13,7,Extrovert
2454,4,No,5,4,No,11,7,Extrovert
2455,2,No,8,3,,10,8,Extrovert
2456,7,Yes,6,6,No,13,6,Introvert
2457,3,No,9,3,No,12,8,Extrovert
2458,8,Yes,9,5,No,14,9,Introvert
2459,2,No,6,3,No,6,4,Extrovert
2460,0,No,4,5,No,5,4,Extrovert
2461,3,No,5,6,No,9,9,Extrovert
2462,3,No,9,4,No,5,9,Extrovert
2463,0,No,8,3,No,8,,Extrovert
2464,8,Yes,0,0,Yes,5,1,Introvert
2465,7,Yes,1,0,Yes,3,1,Introvert
2466,3,No,9,4,No,6,9,Extrovert
2467,11,Yes,1,2,Yes,1,1,Introvert
2468,9,Yes,0,2,Yes,1,0,Introvert
2469,7,Yes,3,0,Yes,2,2,Introvert
2470,7,Yes,2,0,Yes,,1,Introvert
2471,6,Yes,2,1,Yes,2,2,Introvert
2472,6,Yes,1,0,Yes,5,1,Introvert
2473,6,Yes,0,0,Yes,5,2,Introvert
2474,6,Yes,0,1,Yes,1,2,Introvert
2475,2,No,9,5,No,14,4,Extrovert
2476,8,Yes,,2,Yes,2,1,Introvert
2477,8,Yes,3,1,Yes,2,0,Introvert
2478,4,No,9,,No,8,4,Extrovert
2479,9,Yes,8,7,No,13,9,Introvert
2480,1,No,6,5,No,14,5,Extrovert
2481,3,No,6,4,No,8,5,Extrovert
2482,10,Yes,3,0,Yes,1,0,Introvert
2483,6,Yes,3,2,Yes,3,1,Introvert
2484,4,No,1,0,Yes,1,0,Extrovert
2485,1,No,8,4,No,15,6,Extrovert
2486,6,Yes,0,2,Yes,1,1,Introvert
2487,4,No,1,2,Yes,3,1,Extrovert
2488,7,Yes,0,1,Yes,1,2,Introvert
2489,1,No,9,5,No,12,9,Extrovert
2490,8,Yes,0,1,Yes,3,1,Introvert
2491,2,No,4,6,No,9,7,Extrovert
2492,2,No,8,3,No,7,3,Extrovert
2493,0,No,8,3,No,15,7,Extrovert
2494,4,No,5,6,No,5,6,Extrovert
2495,11,Yes,3,2,Yes,1,0,Introvert
2496,6,Yes,2,2,Yes,4,0,Introvert
2497,8,Yes,3,2,Yes,2,1,Introvert
2498,8,Yes,3,1,Yes,3,,Introvert
2499,3,No,5,3,No,5,7,Extrovert
2500,7,Yes,9,6,No,8,6,Introvert
2501,8,Yes,2,0,Yes,2,1,Introvert
2502,0,No,5,4,No,5,9,Extrovert
2503,2,No,5,,No,11,9,Extrovert
2504,0,No,6,4,No,5,,Extrovert
2505,3,No,8,5,No,15,3,Extrovert
2506,5,Yes,0,1,Yes,2,0,Introvert
2507,7,Yes,9,5,No,11,5,Introvert
2508,1,No,6,5,No,6,3,Extrovert
2509,2,No,4,5,No,11,5,Extrovert
2510,8,Yes,3,2,Yes,2,2,Introvert
2511,4,No,4,3,No,8,8,Extrovert
2512,5,Yes,1,2,Yes,2,1,Introvert
2513,6,Yes,3,0,Yes,4,0,Introvert
2514,1,No,5,5,No,14,5,Extrovert
2515,4,No,7,6,No,13,9,Extrovert
2516,3,No,6,6,No,5,8,Extrovert
2517,5,Yes,,1,Yes,2,2,Introvert
2518,4,No,5,5,No,13,9,Extrovert
2519,9,Yes,1,2,Yes,2,0,Introvert
2520,6,Yes,1,0,Yes,5,2,Introvert
2521,0,No,9,3,No,12,8,Extrovert
2522,4,No,4,3,No,12,7,Extrovert
2523,2,No,2,1,Yes,4,0,Extrovert
2524,0,No,4,6,No,5,3,Extrovert
2525,4,No,5,6,No,12,4,Extrovert
2526,0,No,0,0,Yes,1,1,Extrovert
2527,6,Yes,3,,Yes,5,0,Introvert
2528,7,Yes,1,0,,5,1,Introvert
2529,5,Yes,0,1,Yes,1,0,Introvert
2530,8,Yes,3,1,Yes,3,2,Introvert
2531,2,No,7,3,No,15,9,Extrovert
2532,1,No,1,1,Yes,1,0,Extrovert
2533,7,Yes,1,0,Yes,2,1,Introvert
2534,10,Yes,3,0,Yes,2,0,Introvert
2535,1,No,5,3,No,14,5,Extrovert
2536,11,Yes,3,0,Yes,4,0,Introvert
2537,4,No,6,,No,5,9,Extrovert
2538,2,No,6,,No,8,6,Extrovert
2539,3,No,9,5,No,8,7,Extrovert
2540,1,No,9,3,No,5,3,Extrovert
2541,2,No,9,6,No,14,7,Extrovert
2542,9,Yes,3,1,Yes,4,2,Introvert
2543,2,No,9,5,No,14,4,Extrovert
2544,0,No,4,4,No,13,7,Extrovert
2545,10,Yes,2,2,Yes,4,0,Introvert
2546,1,No,6,4,No,5,6,Extrovert
2547,3,No,7,3,No,12,8,Extrovert
2548,4,No,7,4,No,9,6,Extrovert
2549,0,No,7,6,No,6,4,Extrovert
2550,3,No,8,5,No,5,8,Extrovert
2551,4,No,7,4,No,8,6,Extrovert
2552,2,No,9,5,No,11,6,Extrovert
2553,3,No,5,6,No,8,8,Extrovert
2554,1,No,6,4,No,10,7,Extrovert
2555,4,No,1,0,Yes,2,1,Extrovert
2556,4,No,2,2,Yes,1,0,Extrovert
2557,10,Yes,2,2,Yes,4,2,Introvert
2558,0,No,,3,No,11,5,Extrovert
2559,2,No,2,2,Yes,2,0,Extrovert
2560,9,Yes,2,0,Yes,5,0,Introvert
2561,3,No,6,3,No,10,3,Extrovert
2562,11,Yes,0,0,Yes,1,2,Introvert
2563,8,Yes,6,5,No,12,6,Introvert
2564,1,No,9,5,,14,6,Extrovert
2565,8,Yes,3,2,,2,0,Introvert
2566,4,No,5,3,No,5,5,Extrovert
2567,1,No,6,3,No,11,6,Extrovert
2568,3,No,8,4,No,14,7,Extrovert
2569,8,Yes,0,1,Yes,5,2,Introvert
2570,7,Yes,3,0,Yes,2,1,Introvert
2571,1,No,0,2,Yes,3,2,Extrovert
2572,4,No,7,3,No,6,4,Extrovert
2573,3,No,7,,No,8,4,Extrovert
2574,11,Yes,3,0,Yes,2,0,Introvert
2575,4,No,9,4,No,9,8,Extrovert
2576,3,No,7,4,No,11,6,Extrovert
2577,4,No,4,3,,14,8,Extrovert
2578,10,Yes,1,0,Yes,4,1,Introvert
2579,1,No,5,5,No,14,8,Extrovert
2580,4,No,6,4,No,,5,Extrovert
2581,1,No,8,6,No,10,7,Extrovert
2582,10,Yes,1,2,Yes,1,2,Introvert
2583,2,No,7,3,No,8,6,Extrovert
2584,2,No,5,5,No,14,8,Extrovert
2585,11,Yes,3,1,Yes,2,1,Introvert
2586,4,No,6,5,No,6,3,Extrovert
2587,0,No,9,5,No,11,3,Extrovert
2588,8,Yes,1,1,Yes,1,0,Introvert
2589,7,Yes,3,2,Yes,3,1,Introvert
2590,0,No,9,4,No,12,,Extrovert
2591,9,Yes,3,0,Yes,2,2,Introvert
2592,0,No,4,5,No,6,4,Extrovert
2593,7,Yes,8,5,No,13,7,Introvert
2594,2,No,5,5,No,6,7,Extrovert
2595,6,Yes,2,1,Yes,3,,Introvert
2596,0,No,4,6,No,12,4,Extrovert
2597,3,No,4,6,No,6,3,Extrovert
2598,1,No,8,4,No,10,7,Extrovert
2599,3,No,8,5,No,14,5,Extrovert
2600,9,Yes,7,5,No,9,7,Introvert
2601,1,No,7,6,No,6,7,Extrovert
2602,11,Yes,1,1,Yes,5,2,Introvert
2603,9,Yes,1,2,Yes,4,0,Introvert
2604,6,Yes,2,0,Yes,5,0,Introvert
2605,2,No,5,6,,13,7,Extrovert
2606,3,No,5,5,No,14,9,Extrovert
2607,0,No,7,6,No,7,9,Extrovert
2608,7,Yes,3,0,Yes,1,2,Introvert
2609,11,Yes,1,0,Yes,5,2,Introvert
2610,1,No,8,6,No,5,5,Extrovert
2611,10,Yes,3,0,Yes,3,1,Introvert
2612,5,Yes,2,2,Yes,5,1,Introvert
2613,7,Yes,3,1,Yes,5,0,Introvert
2614,1,No,4,6,No,9,,Extrovert
2615,3,No,9,6,No,12,5,Extrovert
2616,6,Yes,,1,Yes,2,0,Introvert
2617,8,Yes,1,0,Yes,2,1,Introvert
2618,3,No,5,4,No,8,7,Extrovert
2619,4,No,4,6,No,9,5,Extrovert
2620,7,Yes,2,0,Yes,5,0,Introvert
2621,0,No,9,5,No,14,6,Extrovert
2622,7,Yes,3,2,,2,0,Introvert
2623,10,Yes,3,1,Yes,4,,Introvert
2624,4,No,4,3,No,9,4,Extrovert
2625,9,Yes,2,1,Yes,1,2,Introvert
2626,0,No,4,4,No,8,7,Extrovert
2627,11,Yes,2,0,Yes,2,2,Introvert
2628,9,Yes,1,0,Yes,,1,Introvert
2629,0,No,5,3,,15,5,Extrovert
2630,9,Yes,2,1,Yes,2,1,Introvert
2631,3,No,5,3,No,10,9,Extrovert
2632,11,Yes,,0,Yes,3,0,Introvert
2633,5,Yes,2,2,Yes,2,0,Introvert
2634,7,Yes,3,2,Yes,3,2,Introvert
2635,0,No,4,6,No,,3,Extrovert
2636,10,Yes,0,2,Yes,3,1,Introvert
2637,0,No,9,6,No,7,8,Extrovert
2638,1,No,9,4,No,,4,Extrovert
2639,3,No,7,3,No,11,7,Extrovert
2640,8,Yes,7,7,No,10,9,Introvert
2641,2,No,9,3,No,8,9,Extrovert
2642,4,No,7,6,No,9,7,Extrovert
2643,1,No,4,4,No,9,7,Extrovert
2644,3,No,9,3,No,6,8,Extrovert
2645,0,No,,6,No,8,6,Extrovert
2646,4,No,8,6,No,11,3,Extrovert
2647,5,Yes,8,6,No,12,7,Introvert
2648,6,Yes,2,1,Yes,2,0,Introvert
2649,1,No,0,1,Yes,3,1,Extrovert
2650,2,No,6,6,No,7,7,Extrovert
2651,1,No,4,6,No,5,9,Extrovert
2652,1,No,2,0,Yes,4,1,Extrovert
2653,10,Yes,0,0,Yes,2,0,Introvert
2654,7,Yes,2,0,Yes,3,2,Introvert
2655,2,No,7,4,No,5,7,Extrovert
2656,8,Yes,3,0,Yes,5,2,Introvert
2657,9,Yes,3,1,Yes,4,1,Introvert
2658,1,No,9,3,No,5,9,Extrovert
2659,10,Yes,2,0,Yes,4,,Introvert
2660,4,No,9,5,No,8,,Extrovert
2661,11,Yes,1,0,Yes,4,0,Introvert
2662,0,No,8,4,No,10,3,Extrovert
2663,10,Yes,2,0,Yes,1,0,Introvert
2664,6,Yes,1,,Yes,3,0,Introvert
2665,11,Yes,2,0,Yes,5,1,Introvert
2666,10,Yes,2,0,Yes,2,0,Introvert
2667,10,Yes,2,2,Yes,3,0,Introvert
2668,1,No,4,5,No,13,3,Extrovert
2669,0,No,5,5,No,7,9,Extrovert
2670,6,Yes,2,1,Yes,2,2,Introvert
2671,1,No,4,3,No,15,9,Extrovert
2672,4,No,9,6,No,7,3,Extrovert
2673,4,No,5,3,No,,5,Extrovert
2674,8,Yes,0,2,Yes,4,0,Introvert
2675,3,No,9,3,No,9,8,Extrovert
2676,10,Yes,3,0,Yes,1,2,Introvert
2677,5,Yes,1,0,Yes,2,1,Introvert
2678,2,No,1,0,Yes,3,1,Extrovert
2679,9,Yes,9,7,No,14,5,Introvert
2680,1,No,4,5,No,13,9,Extrovert
2681,4,No,7,3,No,7,8,Extrovert
2682,1,No,6,3,No,8,3,Extrovert
2683,0,No,4,3,No,5,4,Extrovert
2684,9,Yes,2,,Yes,4,1,Introvert
2685,8,Yes,3,1,Yes,3,1,Introvert
2686,0,No,4,3,No,6,6,Extrovert
2687,10,Yes,1,2,Yes,2,2,Introvert
2688,10,Yes,6,5,No,13,8,Introvert
2689,8,Yes,2,0,Yes,3,2,Introvert
2690,9,Yes,0,1,Yes,4,1,Introvert
2691,5,Yes,2,0,Yes,4,1,Introvert
2692,5,Yes,1,1,Yes,4,0,Introvert
2693,2,No,7,5,No,12,3,Extrovert
2694,4,No,4,5,No,14,7,Extrovert
2695,2,No,5,4,No,10,6,Extrovert
2696,10,Yes,,1,Yes,2,1,Introvert
2697,9,Yes,1,1,Yes,1,2,Introvert
2698,5,Yes,0,2,Yes,3,,Introvert
2699,0,No,5,4,No,6,8,Extrovert
2700,4,No,5,5,No,6,6,Extrovert
2701,7,Yes,1,1,Yes,2,0,Introvert
2702,2,No,6,5,No,10,8,Extrovert
2703,9,Yes,2,2,Yes,5,0,Introvert
2704,0,No,4,5,No,12,4,Extrovert
2705,3,No,,5,No,12,3,Extrovert
2706,4,No,9,5,No,9,4,Extrovert
2707,3,No,6,3,No,7,7,Extrovert
2708,0,No,9,6,No,12,5,Extrovert
2709,5,Yes,2,0,Yes,5,1,Introvert
2710,2,No,7,3,No,12,7,Extrovert
2711,9,Yes,1,1,Yes,5,2,Introvert
2712,1,No,4,6,No,12,3,Extrovert
2713,4,No,4,3,No,,3,Extrovert
2714,4,No,7,4,No,8,,Extrovert
2715,11,Yes,2,1,Yes,3,2,Introvert
2716,4,No,6,6,No,14,6,Extrovert
2717,1,No,8,6,No,11,9,Extrovert
2718,2,No,4,3,No,9,7,Extrovert
2719,6,Yes,0,1,Yes,1,0,Introvert
2720,8,Yes,1,0,Yes,3,2,Introvert
2721,8,Yes,0,1,Yes,3,1,Introvert
2722,5,Yes,0,1,Yes,2,1,Introvert
2723,3,No,6,3,No,11,7,Extrovert
2724,6,Yes,1,0,Yes,4,0,Introvert
2725,2,No,5,6,No,13,6,Extrovert
2726,9,Yes,2,0,Yes,,2,Introvert
2727,5,Yes,0,2,Yes,3,1,Introvert
2728,0,No,9,4,No,10,6,Extrovert
2729,3,No,7,3,No,12,7,Extrovert
2730,1,No,7,3,No,10,4,Extrovert
2731,1,No,8,5,No,6,8,Extrovert
2732,0,No,8,3,No,7,9,Extrovert
2733,7,Yes,1,2,Yes,2,2,Introvert
2734,2,No,7,4,No,11,3,Extrovert
2735,4,No,,4,No,7,4,Extrovert
2736,0,No,5,4,No,13,5,Extrovert
2737,8,Yes,2,0,Yes,5,0,Introvert
2738,1,No,9,4,No,15,4,Extrovert
2739,10,Yes,2,1,Yes,5,,Introvert
2740,10,Yes,0,2,Yes,4,1,Introvert
2741,7,Yes,2,1,Yes,3,0,Introvert
2742,5,Yes,0,1,Yes,5,1,Introvert
2743,1,No,7,4,No,7,7,Extrovert
2744,1,No,,3,No,10,4,Extrovert
2745,2,No,6,3,No,9,9,Extrovert
2746,7,Yes,1,1,Yes,2,2,Introvert
2747,9,Yes,2,2,Yes,2,2,Introvert
2748,5,Yes,2,2,Yes,3,2,Introvert
2749,2,No,4,3,No,15,8,Extrovert
2750,10,Yes,,2,Yes,3,1,Introvert
2751,1,No,9,6,No,14,7,Extrovert
2752,0,No,5,4,No,10,7,Extrovert
2753,5,Yes,1,1,Yes,4,1,Introvert
2754,1,No,4,5,No,10,3,Extrovert
2755,1,No,2,0,Yes,4,0,Extrovert
2756,4,No,8,4,No,10,9,Extrovert
2757,1,No,5,6,No,9,,Extrovert
2758,8,Yes,2,0,Yes,5,,Introvert
2759,8,Yes,2,2,Yes,5,2,Introvert
2760,4,No,8,4,No,10,5,Extrovert
2761,2,No,5,4,No,15,8,Extrovert
2762,5,Yes,0,2,Yes,1,0,Introvert
2763,2,No,9,3,No,12,5,Extrovert
2764,1,No,8,6,No,12,6,Extrovert
2765,0,No,5,4,No,6,3,Extrovert
2766,7,Yes,3,0,Yes,2,1,Introvert
2767,0,No,9,6,No,8,6,Extrovert
2768,2,No,9,3,No,,9,Extrovert
2769,7,Yes,0,0,Yes,4,1,Introvert
2770,11,Yes,1,0,Yes,1,0,Introvert
2771,2,No,4,5,No,15,7,Extrovert
2772,9,Yes,0,2,Yes,1,2,Introvert
2773,1,No,7,6,No,11,7,Extrovert
2774,3,No,2,2,Yes,2,1,Extrovert
2775,11,Yes,2,1,Yes,2,0,Introvert
2776,2,No,8,5,No,5,9,Extrovert
2777,7,Yes,1,0,Yes,5,2,Introvert
2778,4,No,8,4,No,10,7,Extrovert
2779,7,Yes,1,1,Yes,2,2,Introvert
2780,1,No,2,0,Yes,1,0,Extrovert
2781,8,Yes,3,0,Yes,1,0,Introvert
2782,9,Yes,0,0,Yes,4,0,Introvert
2783,4,No,4,5,,7,8,Extrovert
2784,11,Yes,2,1,Yes,4,0,Introvert
2785,2,No,8,3,No,12,9,Extrovert
2786,9,Yes,2,2,,1,2,Introvert
2787,4,No,4,,No,15,3,Extrovert
2788,9,Yes,1,2,Yes,4,2,Introvert
2789,1,No,6,3,No,14,5,Extrovert
2790,10,Yes,1,2,Yes,1,1,Introvert
2791,5,Yes,2,2,Yes,3,2,Introvert
2792,11,Yes,3,2,Yes,1,1,Introvert
2793,7,Yes,0,2,Yes,2,0,Introvert
2794,3,No,7,6,No,6,7,Extrovert
2795,6,Yes,,0,Yes,1,2,Introvert
2796,3,No,9,4,No,8,3,Extrovert
2797,6,Yes,0,1,Yes,3,0,Introvert
2798,5,Yes,3,2,Yes,3,0,Introvert
2799,0,No,8,3,No,8,6,Extrovert
2800,0,No,7,6,No,9,4,Extrovert
2801,10,Yes,3,0,Yes,2,1,Introvert
2802,11,Yes,0,2,Yes,5,1,Introvert
2803,9,Yes,0,0,Yes,4,2,Introvert
2804,2,No,4,5,No,5,7,Extrovert
2805,3,No,7,6,No,15,3,Extrovert
2806,3,No,2,1,Yes,1,0,Extrovert
2807,0,No,7,4,No,7,3,Extrovert
2808,2,No,6,3,No,6,6,Extrovert
2809,2,No,8,5,No,11,6,Extrovert
2810,3,No,8,3,No,14,4,Extrovert
2811,7,Yes,1,2,Yes,1,0,Introvert
2812,6,Yes,1,0,Yes,1,0,Introvert
2813,6,Yes,3,1,,1,1,Introvert
2814,9,Yes,7,7,No,9,8,Introvert
2815,2,No,9,6,No,14,7,Extrovert
2816,0,No,8,6,No,6,4,Extrovert
2817,11,Yes,0,2,Yes,3,1,Introvert
2818,10,Yes,2,1,Yes,2,1,Introvert
2819,6,Yes,1,1,Yes,2,2,Introvert
2820,4,No,5,6,No,13,3,Extrovert
2821,11,Yes,0,2,Yes,1,0,Introvert
2822,0,No,7,4,No,9,8,Extrovert
2823,10,Yes,2,0,Yes,1,1,Introvert
2824,5,Yes,0,1,Yes,3,1,Introvert
2825,1,No,7,3,No,7,4,Extrovert
2826,2,No,2,2,Yes,1,0,Extrovert
2827,9,Yes,1,2,Yes,4,0,Introvert
2828,4,No,8,5,No,7,9,Extrovert
2829,3,No,4,4,No,10,3,Extrovert
2830,3,No,7,5,No,6,4,Extrovert
2831,9,Yes,1,0,Yes,2,1,Introvert
2832,3,No,5,6,No,12,5,Extrovert
2833,1,No,4,4,No,9,8,Extrovert
2834,0,No,0,0,Yes,3,2,Extrovert
2835,9,Yes,2,1,Yes,1,1,Introvert
2836,9,Yes,8,5,No,11,8,Introvert
2837,11,Yes,1,0,Yes,4,1,Introvert
2838,3,No,5,4,No,6,7,Extrovert
2839,9,Yes,3,1,Yes,,1,Introvert
2840,0,No,2,2,Yes,1,1,Extrovert
2841,1,No,8,6,No,12,4,Extrovert
2842,6,Yes,2,0,Yes,3,0,Introvert
2843,2,No,8,5,No,12,5,Extrovert
2844,5,Yes,2,1,Yes,3,1,Introvert
2845,3,No,1,0,Yes,3,2,Extrovert
2846,9,Yes,0,2,Yes,5,2,Introvert
2847,1,No,5,6,No,12,7,Extrovert
2848,4,No,7,3,No,9,3,Extrovert
2849,3,No,8,4,No,5,5,Extrovert
2850,0,No,4,5,No,6,4,Extrovert
2851,2,No,9,,No,11,3,Extrovert
2852,4,No,4,3,No,10,4,Extrovert
2853,3,No,2,0,Yes,3,1,Extrovert
2854,2,No,5,5,No,13,6,Extrovert
2855,7,Yes,0,2,Yes,5,1,Introvert
2856,3,No,9,4,No,10,8,Extrovert
2857,0,No,7,5,No,10,5,Extrovert
2858,1,No,5,3,No,9,3,Extrovert
2859,9,Yes,9,5,No,11,8,Introvert
2860,2,No,7,4,No,13,7,Extrovert
2861,9,Yes,2,1,Yes,2,2,Introvert
2862,1,No,6,5,No,14,5,Extrovert
2863,9,Yes,2,0,Yes,3,2,Introvert
2864,3,No,4,6,No,9,5,Extrovert
2865,4,No,4,4,No,8,7,Extrovert
2866,7,Yes,6,7,No,13,7,Introvert
2867,1,No,8,3,No,6,7,Extrovert
2868,11,Yes,3,,Yes,4,2,Introvert
2869,1,No,5,4,No,7,8,Extrovert
2870,4,No,7,5,No,14,3,Extrovert
2871,4,No,5,3,No,7,4,Extrovert
2872,1,No,5,4,No,7,4,Extrovert
2873,4,No,6,4,No,13,3,Extrovert
2874,5,Yes,2,1,Yes,2,1,Introvert
2875,7,Yes,1,2,Yes,5,0,Introvert
2876,0,No,8,5,No,14,5,Extrovert
2877,1,No,7,6,No,5,9,Extrovert
2878,3,No,5,6,No,7,6,Extrovert
2879,2,No,7,4,No,12,8,Extrovert
2880,10,Yes,2,1,Yes,5,0,Introvert
2881,0,No,6,3,No,7,5,Extrovert
2882,8,Yes,1,2,Yes,1,2,Introvert
2883,0,No,9,3,No,7,6,Extrovert
2884,6,Yes,2,2,Yes,1,1,Introvert
2885,5,Yes,0,2,Yes,3,1,Introvert
2886,9,Yes,0,0,,2,0,Introvert
2887,5,Yes,0,0,Yes,5,2,Introvert
2888,2,No,9,6,No,6,3,Extrovert
2889,9,Yes,0,1,Yes,1,0,Introvert
2890,5,Yes,0,0,Yes,3,0,Introvert
2891,6,Yes,2,0,Yes,1,2,Introvert
2892,11,Yes,3,1,Yes,5,1,Introvert
2893,9,Yes,2,0,Yes,1,2,Introvert
2894,11,Yes,2,0,Yes,4,2,Introvert
2895,1,No,9,3,No,12,,Extrovert
2896,2,No,7,6,No,6,6,Extrovert
2897,2,No,8,3,No,14,9,Extrovert
2898,8,Yes,1,1,Yes,4,0,Introvert
2899,10,Yes,1,,Yes,2,0,Introvert
2900,2,No,6,6,No,6,9,Extrovert
